itemName,starForce,date,amount,statType,potentialGrade,statPercent,potentialItal,additionalPotentialGrade,additionalLines,additionalPercentLines,cuttableCount,starforceScrollFlag,enchantedFlag
데이브레이크 펜던트,22,2025-04-20,12900000000,LUK,레전드리,18,0,레전드리,3,2,255,0,0
데이브레이크 펜던트,22,2025-04-20,16555555555,LUK,레전드리,33,0,에픽,2,0,255,0,0
데이브레이크 펜던트,22,2025-04-20,13500000000,INT,레전드리,21,0,에픽,2,0,255,0,0
데이브레이크 펜던트,22,2025-04-20,7499999999,HP,레전드리,30,0,유니크,2,1,255,0,0
데이브레이크 펜던트,22,2025-04-20,19000000000,STR,레전드리,30,0,에픽,2,0,255,0,0
데이브레이크 펜던트,22,2025-04-20,16999999999,STR,레전드리,21,0,레전드리,1,0,255,0,0
데이브레이크 펜던트,22,2025-04-20,12999999999,INT,레전드리,9,0,에픽,2,0,255,0,0
데이브레이크 펜던트,22,2025-04-20,20555555555,DEX,레전드리,33,0,유니크,2,1,255,0,0
트와일라이트 마크,22,2025-04-20,9299999999,LUK,레전드리,30,0,에픽,2,1,255,0,0
트와일라이트 마크,22,2025-04-20,6100000000,DEX,유니크,15,0,에픽,1,0,255,0,0
트와일라이트 마크,22,2025-04-20,6388888888,DEX,유니크,15,0,에픽,2,1,255,0,0
트와일라이트 마크,22,2025-04-20,8888888888,STR,레전드리,9,0,에픽,2,0,255,0,0
트와일라이트 마크,22,2025-04-20,11111111111,STR,레전드리,18,0,레전드리,2,1,255,0,0
가디언 엔젤 링,22,2025-04-20,9700000000,DEX,레전드리,33,0,레전드리,1,0,255,0,0
가디언 엔젤 링,22,2025-04-20,4000000000,STR,레전드리,30,0,에픽,2,0,255,0,0
가디언 엔젤 링,22,2025-04-20,21888888888,LUK,유니크,21,0,레전드리,2,1,255,0,0
가디언 엔젤 링,22,2025-04-20,12200000000,DEX,레전드리,30,0,에픽,2,0,255,0,0
가디언 엔젤 링,22,2025-04-20,9500000000,LUK,레전드리,30,0,에픽,2,1,255,0,0
가디언 엔젤 링,22,2025-04-20,1244444,STR,레전드리,33,0,유니크,2,2,255,0,0
가디언 엔젤 링,22,2025-04-20,9999999999,DEX,레전드리,21,0,없음,0,0,255,0,0
가디언 엔젤 링,22,2025-04-20,12111111111,INT,레전드리,30,0,에픽,2,2,255,0,0
가디언 엔젤 링,22,2025-04-20,10888888888,INT,유니크,18,0,없음,0,0,255,0,0
에스텔라 이어링,22,2025-04-20,13999999999,STR,레전드리,24,0,에픽,0,0,255,0,0
에스텔라 이어링,22,2025-04-20,6800000000,INT,유니크,9,0,없음,0,0,255,0,0
에스텔라 이어링,22,2025-04-20,9000000000,INT,레전드리,9,0,에픽,2,1,255,0,0
에스텔라 이어링,22,2025-04-20,17999999999,LUK,레전드리,21,0,레전드리,3,1,255,0,0
에스텔라 이어링,22,2025-04-20,13900000000,INT,레전드리,21,0,에픽,2,0,255,0,0
에스텔라 이어링,22,2025-04-20,13199999999,STR,레전드리,18,0,유니크,1,0,255,0,0
에스텔라 이어링,22,2025-04-20,16999999999,INT,레전드리,30,0,유니크,2,1,255,0,0
루즈 컨트롤 머신 마크,22,2025-04-20,34500000000,STR,레전드리,30,0,유니크,3,1,255,0,0
루즈 컨트롤 머신 마크,22,2025-04-20,34000000000,INT,레전드리,21,0,에픽,2,1,255,0,0
루즈 컨트롤 머신 마크,22,2025-04-20,33700000000,DEX,레전드리,30,0,레전드리,1,0,255,0,0
루즈 컨트롤 머신 마크,22,2025-04-20,44900000000,INT,레전드리,30,0,레전드리,2,1,255,0,0
루즈 컨트롤 머신 마크,22,2025-04-20,44999999999,INT,레전드리,33,0,유니크,2,1,255,0,0
루즈 컨트롤 머신 마크,22,2025-04-20,42000000000,STR,레전드리,30,0,레전드리,1,0,255,0,0
루즈 컨트롤 머신 마크,22,2025-04-20,59200000000,LUK,레전드리,30,0,레전드리,2,2,255,0,0
루즈 컨트롤 머신 마크,22,2025-04-20,29499999999,STR,레전드리,21,0,레전드리,2,0,255,0,0
루즈 컨트롤 머신 마크,22,2025-04-20,30000000000,STR,레전드리,24,0,레전드리,2,1,255,0,0
마력이 깃든 안대,22,2025-04-20,54999999999,LUK,레전드리,21,0,레전드리,3,2,255,0,0
마력이 깃든 안대,22,2025-04-20,45000000000,INT,레전드리,30,0,레전드리,1,0,255,0,0
마력이 깃든 안대,22,2025-04-20,63000000000,INT,레전드리,21,0,레전드리,2,1,255,0,0
마력이 깃든 안대,22,2025-04-20,78888888888,LUK,레전드리,24,0,없음,0,0,255,0,0
마력이 깃든 안대,22,2025-04-20,51000000000,STR,레전드리,30,0,에픽,2,1,255,0,0
마력이 깃든 안대,22,2025-04-20,41000000000,STR,레전드리,21,0,레전드리,1,1,255,0,0
마력이 깃든 안대,22,2025-04-20,34000000000,LUK,레전드리,30,0,에픽,1,0,255,0,0
마력이 깃든 안대,22,2025-04-20,53000000000,STR,레전드리,21,0,레전드리,2,2,255,0,0
거대한 공포,22,2025-04-20,36666666666,STR,레전드리,30,0,레전드리,1,1,255,0,0
거대한 공포,22,2025-04-20,46700000000,LUK,레전드리,24,0,레전드리,3,3,255,0,0
거대한 공포,22,2025-04-20,62000000000,STR,레전드리,30,0,레전드리,0,0,255,0,0
거대한 공포,22,2025-04-20,63000000000,STR,레전드리,33,0,레전드리,2,1,255,0,0
거대한 공포,22,2025-04-20,38000000000,HP,레전드리,30,0,레전드리,3,3,255,0,0
거대한 공포,22,2025-04-20,54999999999,DEX,레전드리,33,0,레전드리,1,0,255,0,0
거대한 공포,22,2025-04-20,49999999999,INT,레전드리,24,0,레전드리,3,3,255,0,0
거대한 공포,22,2025-04-20,69000000000,INT,레전드리,30,0,에픽,3,0,255,0,0
거대한 공포,22,2025-04-20,70000000000,DEX,레전드리,30,0,레전드리,2,1,255,0,0
몽환의 벨트,22,2025-04-20,55000000000,INT,레전드리,30,0,유니크,1,1,255,0,0
몽환의 벨트,22,2025-04-20,39000000000,STR,레전드리,24,0,레전드리,2,0,255,0,0
몽환의 벨트,22,2025-04-20,55999999999,STR,레전드리,21,0,레전드리,2,1,255,0,0
몽환의 벨트,22,2025-04-20,48000000000,LUK,레전드리,33,0,레전드리,3,1,255,0,0
몽환의 벨트,22,2025-04-20,89999999999,LUK,레전드리,33,0,레전드리,1,1,255,0,0
몽환의 벨트,22,2025-04-20,57000000000,DEX,레전드리,24,0,레전드리,2,2,255,0,0
몽환의 벨트,22,2025-04-20,71111111111,INT,레전드리,30,0,레전드리,3,1,255,0,0
몽환의 벨트,22,2025-04-20,42000000000,DEX,레전드리,21,0,유니크,1,1,255,0,0
커맨더 포스 이어링,22,2025-04-20,58000000000,LUK,레전드리,21,0,없음,0,0,255,0,0
커맨더 포스 이어링,22,2025-04-20,48888888888,HP,레전드리,0,0,레전드리,1,1,255,0,0
커맨더 포스 이어링,22,2025-04-20,52000000000,INT,레전드리,30,0,레전드리,2,2,255,0,0
커맨더 포스 이어링,22,2025-04-20,58000000000,DEX,레전드리,30,0,레전드리,3,3,255,0,0
커맨더 포스 이어링,22,2025-04-20,36500000000,INT,레전드리,30,0,유니크,2,2,255,0,0
커맨더 포스 이어링,22,2025-04-20,51000000000,LUK,레전드리,24,0,레전드리,2,1,255,0,0
커맨더 포스 이어링,22,2025-04-20,42000000000,LUK,레전드리,30,0,없음,0,0,255,0,0
커맨더 포스 이어링,22,2025-04-20,34999999999,HP,레전드리,9,0,없음,0,0,255,0,0
커맨더 포스 이어링,20,2025-04-20,25555555555,LUK,레전드리,12,0,유니크,1,0,255,0,0
커맨더 포스 이어링,20,2025-04-20,29999999999,DEX,레전드리,21,0,레전드리,2,0,255,0,0
트와일라이트 마크,19,2025-04-20,2899999999,STR,유니크,12,0,에픽,3,2,255,0,0
트와일라이트 마크,19,2025-04-20,2499999999,STR,유니크,21,0,에픽,2,2,255,0,0
가디언 엔젤 링,19,2025-04-20,3299999999,LUK,레전드리,21,0,없음,0,0,255,0,0
에스텔라 이어링,19,2025-04-20,3999000000,STR,레전드리,18,0,에픽,2,1,255,0,0
루즈 컨트롤 머신 마크,19,2025-04-20,9500000000,STR,레전드리,21,0,에픽,3,1,255,0,0
마력이 깃든 안대,19,2025-04-20,10999999999,DEX,레전드리,30,0,에픽,2,0,255,0,0
마력이 깃든 안대,19,2025-04-20,11399999999,DEX,레전드리,21,0,에픽,1,0,255,0,0
마력이 깃든 안대,19,2025-04-20,10500000000,STR,유니크,15,0,에픽,2,1,255,0,0
몽환의 벨트,19,2025-04-20,16999999999,LUK,레전드리,24,0,에픽,2,0,255,0,0
커맨더 포스 이어링,19,2025-04-20,10000000000,ALL,레전드리,0,0,에픽,2,0,255,0,0
데이브레이크 펜던트,18,2025-04-20,95699999999,DEX,레전드리,24,0,레전드리,2,1,255,0,0
데이브레이크 펜던트,18,2025-04-20,2700000000,LUK,유니크,18,0,에픽,2,1,255,0,0
데이브레이크 펜던트,18,2025-04-20,6200000000,DEX,레전드리,21,0,에픽,1,0,255,0,0
데이브레이크 펜던트,18,2025-04-20,3999999999,INT,유니크,15,0,에픽,2,1,255,0,0
데이브레이크 펜던트,18,2025-04-20,2699999999,DEX,레전드리,21,0,없음,0,0,255,0,0
데이브레이크 펜던트,18,2025-04-20,4300000000,LUK,레전드리,21,0,에픽,2,0,255,0,0
트와일라이트 마크,18,2025-04-20,9333333333,INT,유니크,21,0,에픽,2,1,255,0,0
트와일라이트 마크,18,2025-04-20,990000000,STR,유니크,15,0,없음,0,0,255,0,0
트와일라이트 마크,18,2025-04-20,2666666666,INT,유니크,21,0,에픽,3,1,255,0,0
트와일라이트 마크,18,2025-04-20,3699999999,STR,레전드리,12,0,에픽,2,1,255,0,0
트와일라이트 마크,18,2025-04-20,4099999999,ALL,레전드리,0,0,에픽,1,0,255,0,0
가디언 엔젤 링,18,2025-04-20,3500000000,INT,레전드리,12,0,에픽,2,0,255,0,0
가디언 엔젤 링,18,2025-04-20,1555555555,INT,유니크,15,0,에픽,1,0,255,0,0
가디언 엔젤 링,18,2025-04-20,4799999999,STR,유니크,21,0,에픽,2,1,255,0,0
가디언 엔젤 링,18,2025-04-20,6899999999,STR,레전드리,21,0,에픽,1,0,255,0,0
가디언 엔젤 링,18,2025-04-20,3999999999,INT,레전드리,24,0,에픽,2,0,255,0,0
가디언 엔젤 링,18,2025-04-20,1399999999,STR,유니크,15,0,에픽,2,1,255,0,0
가디언 엔젤 링,18,2025-04-20,1399999999,ALL,레전드리,0,0,유니크,1,0,255,0,0
가디언 엔젤 링,18,2025-04-20,2300000000,INT,레전드리,9,0,없음,0,0,255,0,0
가디언 엔젤 링,18,2025-04-20,1999999999,INT,레전드리,9,0,에픽,2,1,255,0,0
에스텔라 이어링,18,2025-04-20,2799999999,LUK,레전드리,18,0,에픽,2,0,255,0,0
에스텔라 이어링,18,2025-04-20,1199999999,DEX,유니크,15,0,없음,0,0,255,0,0
에스텔라 이어링,18,2025-04-20,34444444,INT,유니크,9,0,없음,0,0,255,0,0
에스텔라 이어링,18,2025-04-20,5300000000,STR,유니크,15,0,에픽,1,0,255,0,0
에스텔라 이어링,18,2025-04-20,24444444,STR,레전드리,0,0,에픽,2,1,255,0,0
에스텔라 이어링,18,2025-04-20,1899999999,LUK,유니크,15,0,에픽,2,1,255,0,0
에스텔라 이어링,18,2025-04-20,1800000000,STR,유니크,21,0,에픽,1,1,255,0,0
에스텔라 이어링,18,2025-04-20,1411111111,INT,유니크,15,0,에픽,2,1,255,0,0
에스텔라 이어링,18,2025-04-20,1699999999,LUK,유니크,9,0,에픽,2,0,255,0,0
루즈 컨트롤 머신 마크,18,2025-04-20,8888888888,DEX,레전드리,21,0,에픽,2,1,255,0,0
루즈 컨트롤 머신 마크,18,2025-04-20,4999999999,LUK,레전드리,21,0,에픽,2,2,255,0,0
루즈 컨트롤 머신 마크,18,2025-04-20,6500000000,DEX,유니크,15,0,없음,0,0,255,0,0
루즈 컨트롤 머신 마크,18,2025-04-20,6199999999,STR,레전드리,33,0,유니크,2,1,255,0,0
루즈 컨트롤 머신 마크,18,2025-04-20,9000000000,LUK,레전드리,30,0,없음,0,0,255,0,0
루즈 컨트롤 머신 마크,18,2025-04-20,6000000000,DEX,레전드리,30,0,레전드리,1,1,255,0,0
루즈 컨트롤 머신 마크,18,2025-04-20,6555555555,INT,레전드리,18,0,레전드리,2,2,255,0,0
루즈 컨트롤 머신 마크,18,2025-04-20,6999999999,STR,레전드리,18,0,에픽,1,0,255,0,0
마력이 깃든 안대,18,2025-04-20,5111111100,LUK,레전드리,21,0,에픽,2,1,255,0,0
마력이 깃든 안대,18,2025-04-20,12000000000,DEX,레전드리,12,0,유니크,2,0,255,0,0
마력이 깃든 안대,18,2025-04-20,3777,LUK,레전드리,30,0,에픽,0,0,255,0,0
마력이 깃든 안대,18,2025-04-20,10499999999,STR,유니크,9,0,에픽,2,0,255,0,0
마력이 깃든 안대,18,2025-04-20,10899999999,LUK,레전드리,24,0,레전드리,1,1,255,0,0
마력이 깃든 안대,18,2025-04-20,8333333333,STR,레전드리,18,0,레전드리,1,1,255,0,0
마력이 깃든 안대,18,2025-04-20,6000000000,LUK,유니크,15,0,에픽,2,0,255,0,0
마력이 깃든 안대,18,2025-04-20,14500000000,STR,유니크,15,0,에픽,2,0,255,0,0
마력이 깃든 안대,18,2025-04-20,9999999999,LUK,레전드리,21,0,유니크,2,0,255,0,0
거대한 공포,18,2025-04-20,12555555555,DEX,레전드리,30,0,에픽,2,2,255,0,0
거대한 공포,18,2025-04-20,13555555555,ALL,레전드리,0,0,에픽,2,0,255,0,0
거대한 공포,18,2025-04-20,14999999999,LUK,레전드리,21,0,없음,0,0,255,0,0
거대한 공포,18,2025-04-20,16584444,INT,레전드리,30,0,없음,0,0,255,0,0
거대한 공포,18,2025-04-20,9999999999,DEX,유니크,21,0,에픽,2,1,255,0,0
거대한 공포,18,2025-04-20,14555555555,LUK,레전드리,30,0,없음,0,0,255,0,0
거대한 공포,18,2025-04-20,10799999900,INT,유니크,24,0,에픽,2,1,255,0,0
몽환의 벨트,18,2025-04-20,11999999999,STR,레전드리,21,0,에픽,2,0,255,0,0
몽환의 벨트,18,2025-04-20,12333333333,DEX,레전드리,24,0,에픽,2,1,255,0,0
몽환의 벨트,18,2025-04-20,7499999999,DEX,레전드리,9,0,에픽,1,0,255,0,0
몽환의 벨트,18,2025-04-20,9999999999,LUK,유니크,24,0,에픽,2,1,255,0,0
몽환의 벨트,18,2025-04-20,12999999999,INT,유니크,21,0,에픽,2,1,255,0,0
몽환의 벨트,18,2025-04-20,18000000000,INT,레전드리,24,0,없음,0,0,255,0,0
몽환의 벨트,18,2025-04-20,12430000000,DEX,레전드리,30,0,유니크,2,2,255,0,0
몽환의 벨트,18,2025-04-20,12500000000,LUK,레전드리,21,0,에픽,2,1,255,0,0
몽환의 벨트,18,2025-04-20,17211111111,INT,레전드리,30,0,에픽,2,1,255,0,0
커맨더 포스 이어링,18,2025-04-20,10000000000,DEX,레전드리,33,0,에픽,2,0,255,0,0
커맨더 포스 이어링,18,2025-04-20,16555555555,LUK,레전드리,30,0,에픽,3,1,255,0,0
커맨더 포스 이어링,18,2025-04-20,5666666666,ALL,레전드리,0,0,에픽,2,0,255,0,0
커맨더 포스 이어링,18,2025-04-20,11700000000,STR,레전드리,21,0,에픽,2,1,255,0,0
커맨더 포스 이어링,18,2025-04-20,13999999999,STR,레전드리,30,0,에픽,1,0,255,0,0
커맨더 포스 이어링,18,2025-04-20,10500000000,STR,레전드리,9,0,에픽,1,0,255,0,0
데이브레이크 펜던트,17,2025-04-20,1500000000,DEX,유니크,21,0,없음,0,0,255,0,0
데이브레이크 펜던트,17,2025-04-20,3555555555,LUK,레전드리,21,0,에픽,2,1,255,0,0
데이브레이크 펜던트,17,2025-04-20,1666666666,HP,유니크,21,0,에픽,2,2,255,0,0
데이브레이크 펜던트,17,2025-04-20,1199999999,STR,유니크,9,0,없음,0,0,255,0,0
데이브레이크 펜던트,17,2025-04-20,1599999999,DEX,유니크,15,0,에픽,2,0,255,0,0
데이브레이크 펜던트,17,2025-04-20,1700000000,STR,유니크,18,0,에픽,2,0,255,0,0
데이브레이크 펜던트,17,2025-04-20,6333333333,STR,레전드리,0,0,에픽,3,2,255,0,0
트와일라이트 마크,17,2025-04-20,1099999999,DEX,유니크,15,0,없음,0,0,255,0,0
트와일라이트 마크,17,2025-04-20,1199999999,STR,유니크,15,0,없음,0,0,255,0,0
트와일라이트 마크,17,2025-04-20,799999999,DEX,유니크,9,0,없음,0,0,255,0,0
트와일라이트 마크,17,2025-04-20,900000000,LUK,유니크,9,0,에픽,2,1,255,0,0
트와일라이트 마크,17,2025-04-20,1666666666,STR,유니크,15,0,없음,0,0,255,0,0
트와일라이트 마크,17,2025-04-20,144444444,INT,유니크,21,0,에픽,3,3,255,0,0
트와일라이트 마크,17,2025-04-20,1599999999,LUK,유니크,18,0,에픽,2,2,255,0,0
가디언 엔젤 링,17,2025-04-20,7999999999,LUK,유니크,15,0,에픽,2,2,255,0,0
가디언 엔젤 링,17,2025-04-20,5599999999,INT,유니크,9,0,에픽,2,0,255,0,0
가디언 엔젤 링,17,2025-04-20,850000000,INT,유니크,21,0,에픽,2,1,255,0,0
가디언 엔젤 링,17,2025-04-20,2033333333,HP,유니크,12,0,없음,0,0,255,0,0
가디언 엔젤 링,17,2025-04-20,1599999999,DEX,유니크,24,0,없음,0,0,255,0,0
가디언 엔젤 링,17,2025-04-20,950000000,LUK,유니크,15,0,에픽,2,1,255,0,0
가디언 엔젤 링,17,2025-04-20,1100000000,STR,유니크,9,0,에픽,2,1,255,0,0
가디언 엔젤 링,17,2025-04-20,2698000000,HP,레전드리,30,0,에픽,2,1,255,0,0
가디언 엔젤 링,17,2025-04-20,1699999999,HP,유니크,21,0,없음,0,0,255,0,0
에스텔라 이어링,17,2025-04-20,1070000000,DEX,유니크,15,0,에픽,1,1,255,0,0
에스텔라 이어링,17,2025-04-20,1000000000,DEX,유니크,21,0,에픽,2,0,255,0,0
에스텔라 이어링,17,2025-04-20,1300000000,DEX,유니크,15,0,에픽,2,1,255,0,0
에스텔라 이어링,17,2025-04-20,955555555,STR,유니크,15,0,에픽,2,1,255,0,0
에스텔라 이어링,17,2025-04-20,3888888888,STR,레전드리,18,0,에픽,2,1,255,0,0
에스텔라 이어링,17,2025-04-20,888888888,STR,유니크,24,0,없음,0,0,255,0,0
에스텔라 이어링,17,2025-04-20,1599999999,HP,유니크,24,0,에픽,1,1,255,0,0
에스텔라 이어링,17,2025-04-20,999990000,DEX,유니크,21,0,에픽,2,1,255,0,0
에스텔라 이어링,17,2025-04-20,2999992932,INT,유니크,9,0,없음,0,0,255,0,0
루즈 컨트롤 머신 마크,17,2025-04-20,3232323232,INT,레전드리,30,0,에픽,2,1,255,0,0
루즈 컨트롤 머신 마크,17,2025-04-20,3999999999,STR,유니크,21,0,에픽,2,1,255,0,0
루즈 컨트롤 머신 마크,17,2025-04-20,2600000000,DEX,레전드리,9,0,유니크,0,0,255,0,0
루즈 컨트롤 머신 마크,17,2025-04-20,2999999999,STR,레전드리,21,0,레전드리,1,0,255,0,0
루즈 컨트롤 머신 마크,17,2025-04-20,6299999911,INT,유니크,9,0,에픽,0,0,255,0,0
루즈 컨트롤 머신 마크,17,2025-04-20,13999999999,STR,레전드리,9,0,레전드리,1,1,255,0,0
루즈 컨트롤 머신 마크,17,2025-04-20,5899999999,STR,레전드리,21,0,에픽,1,0,255,0,0
루즈 컨트롤 머신 마크,17,2025-04-20,6000000000,DEX,유니크,21,0,에픽,2,1,255,0,0
루즈 컨트롤 머신 마크,17,2025-04-20,6111111111,LUK,레전드리,30,0,유니크,2,1,255,0,0
마력이 깃든 안대,17,2025-04-20,4199999999,LUK,레전드리,9,0,없음,0,0,255,0,0
마력이 깃든 안대,17,2025-04-20,4899999999,HP,레전드리,9,0,에픽,0,0,255,0,0
마력이 깃든 안대,17,2025-04-20,4888888888,LUK,레전드리,30,0,에픽,1,1,255,0,0
마력이 깃든 안대,17,2025-04-20,4000000000,INT,레전드리,24,0,유니크,1,0,255,0,0
마력이 깃든 안대,17,2025-04-20,5666666666,DEX,레전드리,21,0,에픽,2,1,255,0,0
마력이 깃든 안대,17,2025-04-20,4000000000,INT,유니크,21,0,에픽,2,0,255,0,0
마력이 깃든 안대,17,2025-04-20,9799999999,HP,레전드리,9,0,에픽,0,0,255,0,0
마력이 깃든 안대,17,2025-04-20,9999999999,DEX,레전드리,21,0,에픽,2,0,255,0,0
거대한 공포,17,2025-04-20,9999999999,DEX,레전드리,30,0,에픽,2,1,255,0,0
거대한 공포,17,2025-04-20,9555555555,LUK,레전드리,18,0,에픽,2,0,255,0,0
거대한 공포,17,2025-04-20,13500000000,STR,레전드리,30,0,에픽,2,0,255,0,0
거대한 공포,17,2025-04-20,10999999999,STR,레전드리,9,0,에픽,2,0,255,0,0
거대한 공포,17,2025-04-20,10500000000,INT,레전드리,21,0,없음,0,0,255,0,0
거대한 공포,17,2025-04-20,9500000000,HP,레전드리,30,0,유니크,1,1,255,0,0
거대한 공포,17,2025-04-20,10788877888,INT,레전드리,12,0,에픽,2,0,255,0,0
거대한 공포,17,2025-04-20,6000000000,DEX,유니크,15,0,유니크,1,1,255,0,0
몽환의 벨트,17,2025-04-20,6555555555,STR,레전드리,9,0,에픽,1,1,255,0,0
몽환의 벨트,17,2025-04-20,12000000000,STR,유니크,24,0,에픽,2,1,255,0,0
몽환의 벨트,17,2025-04-20,12500000000,INT,레전드리,18,0,에픽,2,0,255,0,0
몽환의 벨트,17,2025-04-20,7999999999,INT,레전드리,33,0,에픽,0,0,255,0,0
몽환의 벨트,17,2025-04-20,9699999999,STR,레전드리,18,0,없음,0,0,255,0,0
몽환의 벨트,17,2025-04-20,9999999999,INT,레전드리,21,0,없음,0,0,255,0,0
몽환의 벨트,17,2025-04-20,10500000000,LUK,레전드리,21,0,없음,0,0,255,0,0
몽환의 벨트,17,2025-04-20,6888888888,STR,유니크,21,0,에픽,0,0,255,0,0
몽환의 벨트,17,2025-04-20,9555555555,STR,레전드리,9,0,에픽,2,1,255,0,0
커맨더 포스 이어링,17,2025-04-20,68920000000,ALL,레전드리,0,0,에픽,1,0,255,0,0
커맨더 포스 이어링,17,2025-04-20,11999999999,STR,레전드리,21,0,없음,0,0,255,0,0
커맨더 포스 이어링,17,2025-04-20,10500000000,STR,레전드리,21,0,에픽,2,0,255,0,0
커맨더 포스 이어링,17,2025-04-20,5444444,LUK,레전드리,12,0,없음,0,0,255,0,0
커맨더 포스 이어링,17,2025-04-20,9080000000,DEX,레전드리,30,0,에픽,2,2,255,0,0
커맨더 포스 이어링,17,2025-04-20,7900000000,LUK,레전드리,21,0,유니크,2,2,255,0,0
커맨더 포스 이어링,17,2025-04-20,4400000000,INT,유니크,15,0,에픽,2,1,255,0,0
데이브레이크 펜던트,12,2025-04-20,1288888888,DEX,레전드리,9,0,에픽,1,0,255,0,0
데이브레이크 펜던트,12,2025-04-20,1888888888,DEX,유니크,21,0,에픽,2,1,255,0,0
데이브레이크 펜던트,12,2025-04-20,1700000000,INT,레전드리,12,0,에픽,2,2,255,0,0
데이브레이크 펜던트,12,2025-04-20,1666666666,STR,유니크,21,0,없음,0,0,255,0,0
데이브레이크 펜던트,12,2025-04-20,4555555555,HP,레전드리,9,0,에픽,2,0,255,0,0
트와일라이트 마크,12,2025-04-20,2000000000,STR,유니크,21,0,에픽,2,0,255,0,0
트와일라이트 마크,12,2025-04-20,600000000,HP,유니크,21,0,없음,0,0,255,0,0
트와일라이트 마크,12,2025-04-20,5400000000,DEX,레전드리,0,0,에픽,2,1,255,0,0
에스텔라 이어링,12,2025-04-20,600000000,STR,유니크,6,0,없음,0,0,255,0,0
루즈 컨트롤 머신 마크,12,2025-04-20,4111111111,STR,레전드리,21,0,없음,0,0,255,0,0
루즈 컨트롤 머신 마크,12,2025-04-20,3499999999,LUK,레전드리,21,0,없음,0,0,255,0,0
마력이 깃든 안대,12,2025-04-20,13999999990,STR,레전드리,33,0,없음,0,0,255,0,0
마력이 깃든 안대,12,2025-04-20,12000000000,STR,레전드리,21,0,레전드리,2,2,255,0,0
거대한 공포,12,2025-04-20,5999999999,LUK,레전드리,21,0,에픽,2,0,255,0,0
거대한 공포,12,2025-04-20,944444,HP,레전드리,33,0,없음,0,0,255,0,0
거대한 공포,12,2025-04-20,14999999990,DEX,레전드리,30,0,레전드리,1,1,255,0,0
거대한 공포,12,2025-04-20,26666666666,LUK,레전드리,24,0,레전드리,1,1,255,0,0
몽환의 벨트,12,2025-04-20,25999999999,INT,레전드리,21,0,레전드리,1,0,255,0,0
몽환의 벨트,12,2025-04-20,46999999999,LUK,레전드리,33,0,레전드리,1,0,255,0,0
몽환의 벨트,12,2025-04-20,9299999888,INT,레전드리,24,0,없음,0,0,255,0,0
커맨더 포스 이어링,12,2025-04-20,6111111111,HP,레전드리,9,0,없음,0,0,255,0,0
커맨더 포스 이어링,12,2025-04-20,6202992922,ALL,레전드리,0,0,에픽,3,0,255,0,0
커맨더 포스 이어링,12,2025-04-20,9999999999,DEX,레전드리,24,0,유니크,0,0,255,0,0
데이브레이크 펜던트,0,2025-04-20,299900000,ALL,없음,0,0,없음,0,0,255,0,1
데이브레이크 펜던트,0,2025-04-20,265999999,ALL,없음,0,0,없음,0,0,255,0,1
데이브레이크 펜던트,0,2025-04-20,254000000,STR,레전드리,21,0,,0,0,255,0,0
데이브레이크 펜던트,0,2025-04-20,270000000,ALL,없음,0,0,없음,0,0,255,0,1
데이브레이크 펜던트,0,2025-04-20,288888888,ALL,없음,0,0,없음,0,0,255,0,1
데이브레이크 펜던트,0,2025-04-20,299000000,ALL,없음,0,0,없음,0,0,255,0,1
데이브레이크 펜던트,0,2025-04-20,260000000,INT,레전드리,9,0,,0,0,255,0,0
데이브레이크 펜던트,0,2025-04-20,255555555,ALL,없음,0,0,없음,0,0,255,0,1
데이브레이크 펜던트,0,2025-04-20,254000000,ALL,없음,0,0,없음,0,0,255,0,1
트와일라이트 마크,0,2025-04-20,92199999,ALL,없음,0,0,없음,0,0,255,0,1
트와일라이트 마크,0,2025-04-20,1999999,ALL,없음,0,0,없음,0,0,255,0,1
트와일라이트 마크,0,2025-04-20,333333333,ALL,없음,0,0,없음,0,0,255,0,1
트와일라이트 마크,0,2025-04-20,2200000,ALL,없음,0,0,없음,0,0,255,0,1
트와일라이트 마크,0,2025-04-20,2200000,ALL,없음,0,0,없음,0,0,255,0,1
트와일라이트 마크,0,2025-04-20,2200000,ALL,없음,0,0,없음,0,0,255,0,1
트와일라이트 마크,0,2025-04-20,1811111,ALL,없음,0,0,없음,0,0,255,0,1
트와일라이트 마크,0,2025-04-20,1800000,ALL,없음,0,0,없음,0,0,255,0,1
트와일라이트 마크,0,2025-04-20,2000000000,DEX,레전드리,12,0,,0,0,255,0,0
가디언 엔젤 링,0,2025-04-20,144444444,LUK,레전드리,12,0,,0,0,255,0,0
가디언 엔젤 링,0,2025-04-20,1244444,ALL,없음,0,0,없음,0,0,255,0,1
가디언 엔젤 링,0,2025-04-20,666666666,ALL,없음,0,0,없음,0,0,255,0,1
가디언 엔젤 링,0,2025-04-20,12000000,ALL,없음,0,0,없음,0,0,255,0,1
가디언 엔젤 링,0,2025-04-20,12000000,ALL,없음,0,0,없음,0,0,255,0,1
가디언 엔젤 링,0,2025-04-20,11500000,ALL,없음,0,0,없음,0,0,255,0,1
가디언 엔젤 링,0,2025-04-20,11500000,ALL,없음,0,0,없음,0,0,255,0,1
가디언 엔젤 링,0,2025-04-20,1200000000,ALL,없음,0,0,없음,0,0,255,0,1
가디언 엔젤 링,0,2025-04-20,11500000,ALL,없음,0,0,없음,0,0,255,0,1
에스텔라 이어링,0,2025-04-20,2000000,ALL,없음,0,0,없음,0,0,255,0,1
에스텔라 이어링,0,2025-04-20,1988888,ALL,없음,0,0,없음,0,0,255,0,1
에스텔라 이어링,0,2025-04-20,999999,ALL,없음,0,0,없음,0,0,255,0,1
에스텔라 이어링,0,2025-04-20,999999,ALL,없음,0,0,없음,0,0,255,0,1
에스텔라 이어링,0,2025-04-20,1880000,ALL,없음,0,0,없음,0,0,255,0,1
에스텔라 이어링,0,2025-04-20,1111100,ALL,없음,0,0,없음,0,0,255,0,1
에스텔라 이어링,0,2025-04-20,850000,ALL,없음,0,0,없음,0,0,255,0,1
에스텔라 이어링,0,2025-04-20,1000000,ALL,없음,0,0,없음,0,0,255,0,1
에스텔라 이어링,0,2025-04-20,66666666,ALL,없음,0,0,없음,0,0,255,0,1
루즈 컨트롤 머신 마크,0,2025-04-20,2418888888,ALL,없음,0,0,없음,0,0,255,0,1
루즈 컨트롤 머신 마크,0,2025-04-20,24444444,ALL,없음,0,0,없음,0,0,255,0,1
루즈 컨트롤 머신 마크,0,2025-04-20,2399998999,ALL,없음,0,0,없음,0,0,255,0,1
루즈 컨트롤 머신 마크,0,2025-04-20,29188888777,ALL,없음,0,0,없음,0,0,255,0,1
루즈 컨트롤 머신 마크,0,2025-04-20,21,ALL,없음,0,0,없음,0,0,255,0,1
루즈 컨트롤 머신 마크,0,2025-04-20,24294000000,ALL,없음,0,0,없음,0,0,255,0,1
루즈 컨트롤 머신 마크,0,2025-04-20,4000000000,DEX,레전드리,21,0,,0,0,255,0,0
루즈 컨트롤 머신 마크,0,2025-04-20,2369999999,ALL,없음,0,0,없음,0,0,255,0,1
마력이 깃든 안대,0,2025-04-20,3399999999,HP,레전드리,9,0,에픽,2,2,255,0,0
마력이 깃든 안대,0,2025-04-20,3145999999,ALL,없음,0,0,없음,0,0,255,0,1
마력이 깃든 안대,0,2025-04-20,3209992922,ALL,없음,0,0,없음,0,0,255,0,1
마력이 깃든 안대,0,2025-04-20,3145000000,ALL,없음,0,0,없음,0,0,255,0,1
마력이 깃든 안대,0,2025-04-20,3111111111,ALL,없음,0,0,없음,0,0,255,0,1
마력이 깃든 안대,0,2025-04-20,3300000000,ALL,없음,0,0,없음,0,0,255,0,1
마력이 깃든 안대,0,2025-04-20,3111111111,ALL,없음,0,0,없음,0,0,255,0,1
마력이 깃든 안대,0,2025-04-20,3055555555,ALL,없음,0,0,없음,0,0,255,0,1
마력이 깃든 안대,0,2025-04-20,3100000000,ALL,없음,0,0,없음,0,0,255,0,1
거대한 공포,0,2025-04-20,6888888888,DEX,레전드리,9,0,,0,0,255,0,0
거대한 공포,0,2025-04-20,5383473333,ALL,없음,0,0,없음,0,0,255,0,1
거대한 공포,0,2025-04-20,11000000000,LUK,레전드리,33,0,,0,0,255,0,0
거대한 공포,0,2025-04-20,5100000000,ALL,없음,0,0,없음,0,0,255,0,1
거대한 공포,0,2025-04-20,5001111111,ALL,없음,0,0,없음,0,0,255,0,1
거대한 공포,0,2025-04-20,5599999999,STR,유니크,21,0,,0,0,255,0,0
거대한 공포,0,2025-04-20,5566666666,INT,유니크,21,0,,0,0,255,0,0
거대한 공포,0,2025-04-20,6111111111,STR,유니크,24,0,,0,0,255,0,0
몽환의 벨트,0,2025-04-20,4299992922,ALL,없음,0,0,없음,0,0,255,0,1
몽환의 벨트,0,2025-04-20,4111111111,INT,레전드리,24,0,,0,0,255,0,0
몽환의 벨트,0,2025-04-20,4299992920,DEX,레전드리,30,0,,0,0,255,0,0
몽환의 벨트,0,2025-04-20,4179999999,ALL,없음,0,0,없음,0,0,255,0,1
몽환의 벨트,0,2025-04-20,4165000000,INT,레전드리,18,0,,0,0,255,0,0
몽환의 벨트,0,2025-04-20,9980000000,ALL,없음,0,0,없음,0,0,255,0,1
몽환의 벨트,0,2025-04-20,3922290000,ALL,없음,0,0,없음,0,0,255,0,1
몽환의 벨트,0,2025-04-20,7499999999,INT,레전드리,21,0,,0,0,255,0,0
몽환의 벨트,0,2025-04-20,3888888888,ALL,없음,0,0,없음,0,0,255,0,1
커맨더 포스 이어링,0,2025-04-20,6200000000,LUK,레전드리,30,0,,0,0,255,0,0
커맨더 포스 이어링,0,2025-04-20,2600000000,STR,레전드리,24,0,,0,0,255,0,0
커맨더 포스 이어링,0,2025-04-20,234444444,ALL,없음,0,0,없음,0,0,255,0,1
커맨더 포스 이어링,0,2025-04-20,2635000000,LUK,레전드리,18,0,,0,0,255,0,0
커맨더 포스 이어링,0,2025-04-20,24444444,DEX,레전드리,21,0,,0,0,255,0,0
커맨더 포스 이어링,0,2025-04-20,4760000000,ALL,없음,0,0,없음,0,0,255,0,1
커맨더 포스 이어링,0,2025-04-20,2388888888,DEX,레전드리,33,0,,0,0,255,0,0
커맨더 포스 이어링,0,2025-04-20,2999992932,ALL,없음,0,0,없음,0,0,255,0,1
커맨더 포스 이어링,0,2025-04-20,6070000000,ALL,없음,0,0,없음,0,0,255,0,1
데이브레이크 펜던트,22,2025-04-21,18000000000,STR,레전드리,21,0,없음,0,0,255,0,0
데이브레이크 펜던트,22,2025-04-21,19999999999,LUK,레전드리,21,0,레전드리,1,1,255,0,0
데이브레이크 펜던트,22,2025-04-21,76555555555,STR,레전드리,9,0,에픽,2,1,255,0,0
데이브레이크 펜던트,22,2025-04-21,12499000000,INT,레전드리,33,0,레전드리,1,1,255,0,0
데이브레이크 펜던트,22,2025-04-21,9999999999,LUK,유니크,15,0,에픽,2,1,255,0,0
데이브레이크 펜던트,22,2025-04-21,7999999999,STR,레전드리,30,0,레전드리,2,2,255,0,0
데이브레이크 펜던트,22,2025-04-21,13999999999,STR,레전드리,21,0,에픽,0,0,255,0,0
데이브레이크 펜던트,22,2025-04-21,34000000000,LUK,레전드리,30,0,유니크,2,2,255,0,0
데이브레이크 펜던트,22,2025-04-21,104444444,LUK,레전드리,12,0,에픽,2,1,255,0,0
트와일라이트 마크,22,2025-04-21,7499999999,STR,유니크,9,0,레전드리,0,0,255,0,0
트와일라이트 마크,22,2025-04-21,10500000000,DEX,레전드리,33,0,에픽,2,2,255,0,0
트와일라이트 마크,22,2025-04-21,12999999999,DEX,레전드리,30,0,에픽,3,1,255,0,0
트와일라이트 마크,22,2025-04-21,11000000000,DEX,레전드리,33,0,유니크,2,2,255,0,0
트와일라이트 마크,22,2025-04-21,72555555555,INT,레전드리,33,0,에픽,2,0,255,0,0
트와일라이트 마크,22,2025-04-21,6000000000,STR,레전드리,12,0,에픽,2,1,255,0,0
트와일라이트 마크,22,2025-04-21,9888888888,INT,레전드리,18,0,에픽,2,1,255,0,0
가디언 엔젤 링,22,2025-04-21,16999999999,DEX,레전드리,9,0,없음,0,0,255,0,0
가디언 엔젤 링,22,2025-04-21,10999999999,DEX,레전드리,21,0,에픽,0,0,255,0,0
가디언 엔젤 링,22,2025-04-21,19999999999,LUK,레전드리,30,0,에픽,2,1,255,0,0
가디언 엔젤 링,22,2025-04-21,12500000000,STR,레전드리,18,0,에픽,2,0,255,0,0
가디언 엔젤 링,22,2025-04-21,14999999999,LUK,레전드리,21,0,에픽,2,0,255,0,0
가디언 엔젤 링,22,2025-04-21,1535353333333,INT,레전드리,30,0,유니크,2,2,255,0,0
가디언 엔젤 링,22,2025-04-21,13999999999,DEX,레전드리,21,0,에픽,2,0,255,0,0
가디언 엔젤 링,22,2025-04-21,23999999999,STR,레전드리,21,0,유니크,2,2,255,0,0
가디언 엔젤 링,22,2025-04-21,21000000000,DEX,유니크,15,0,에픽,2,1,255,0,0
에스텔라 이어링,22,2025-04-21,28000000000,LUK,유니크,24,0,에픽,2,0,255,0,0
에스텔라 이어링,22,2025-04-21,16999999999,DEX,레전드리,12,0,유니크,1,1,255,0,0
에스텔라 이어링,22,2025-04-21,14200000000,DEX,레전드리,21,0,유니크,2,1,255,0,0
에스텔라 이어링,22,2025-04-21,16000000000,INT,레전드리,30,0,유니크,2,1,255,0,0
에스텔라 이어링,22,2025-04-21,27000000000,STR,레전드리,33,0,레전드리,1,0,255,0,0
에스텔라 이어링,22,2025-04-21,12999999999,STR,레전드리,21,0,에픽,2,0,255,0,0
에스텔라 이어링,22,2025-04-21,13500000000,STR,레전드리,21,0,에픽,2,1,255,0,0
에스텔라 이어링,22,2025-04-21,15000000000,LUK,레전드리,30,0,레전드리,1,1,255,0,0
에스텔라 이어링,22,2025-04-21,19666666666,STR,레전드리,21,0,유니크,2,1,255,0,0
루즈 컨트롤 머신 마크,22,2025-04-21,42000000000,LUK,레전드리,9,0,에픽,3,2,255,0,0
루즈 컨트롤 머신 마크,22,2025-04-21,39999999999,LUK,레전드리,24,0,레전드리,2,2,255,0,0
루즈 컨트롤 머신 마크,22,2025-04-21,26000000000,DEX,레전드리,30,0,없음,0,0,255,0,0
루즈 컨트롤 머신 마크,22,2025-04-21,66999999999,HP,레전드리,30,0,레전드리,3,2,255,0,0
루즈 컨트롤 머신 마크,22,2025-04-21,34555555555,DEX,레전드리,30,0,레전드리,3,1,255,0,0
루즈 컨트롤 머신 마크,22,2025-04-21,60000000000,LUK,레전드리,21,0,레전드리,1,1,255,0,0
루즈 컨트롤 머신 마크,22,2025-04-21,64989999999,LUK,레전드리,21,0,레전드리,3,2,255,0,0
루즈 컨트롤 머신 마크,22,2025-04-21,39999999999,LUK,레전드리,21,0,레전드리,1,1,255,0,0
마력이 깃든 안대,22,2025-04-21,61000000000,LUK,레전드리,24,0,레전드리,2,1,255,0,0
마력이 깃든 안대,22,2025-04-21,32000000000,LUK,레전드리,30,0,레전드리,2,1,255,0,0
마력이 깃든 안대,22,2025-04-21,32000000000,INT,레전드리,30,0,레전드리,1,1,255,0,0
마력이 깃든 안대,22,2025-04-21,63555555555,LUK,레전드리,30,0,레전드리,2,1,255,0,0
마력이 깃든 안대,22,2025-04-21,32000000000,INT,레전드리,30,0,유니크,1,1,255,0,0
마력이 깃든 안대,22,2025-04-21,47000000000,INT,레전드리,33,0,레전드리,3,0,255,0,0
거대한 공포,22,2025-04-21,64900000000,LUK,레전드리,30,0,레전드리,2,1,255,0,0
거대한 공포,22,2025-04-21,68999999999,LUK,레전드리,33,0,레전드리,3,1,255,0,0
거대한 공포,22,2025-04-21,68888888888,INT,레전드리,21,0,레전드리,3,3,255,0,0
몽환의 벨트,22,2025-04-21,69999999999,LUK,레전드리,33,0,레전드리,3,2,255,0,0
몽환의 벨트,22,2025-04-21,57888888886,STR,레전드리,30,0,레전드리,2,2,255,0,0
몽환의 벨트,22,2025-04-21,63999999999,STR,레전드리,21,0,유니크,2,1,255,0,0
몽환의 벨트,22,2025-04-21,116000000000,DEX,레전드리,24,0,레전드리,3,2,255,0,0
몽환의 벨트,22,2025-04-21,61999000000,LUK,레전드리,24,0,레전드리,3,2,255,0,0
몽환의 벨트,22,2025-04-21,61999888888,STR,레전드리,21,0,레전드리,0,0,255,0,0
몽환의 벨트,22,2025-04-21,63999999999,INT,레전드리,21,0,유니크,2,2,255,0,0
몽환의 벨트,22,2025-04-21,69999999999,DEX,레전드리,24,0,유니크,3,3,255,0,0
몽환의 벨트,22,2025-04-21,112000000000,INT,레전드리,33,0,레전드리,1,1,255,0,0
커맨더 포스 이어링,22,2025-04-21,38000000000,INT,유니크,27,0,에픽,2,1,255,0,0
커맨더 포스 이어링,22,2025-04-21,65000000000,INT,레전드리,24,0,레전드리,3,2,255,0,0
커맨더 포스 이어링,22,2025-04-21,66999999999,STR,레전드리,30,0,레전드리,2,2,255,0,0
커맨더 포스 이어링,22,2025-04-21,61000000000,ALL,레전드리,0,0,에픽,3,0,255,0,0
커맨더 포스 이어링,22,2025-04-21,67999999999,DEX,레전드리,21,0,레전드리,3,1,255,0,0
고통의 근원,22,2025-04-21,60999999999,STR,레전드리,24,0,레전드리,2,2,255,0,0
고통의 근원,22,2025-04-21,90000000000,STR,레전드리,33,0,레전드리,2,1,255,0,0
고통의 근원,22,2025-04-21,42028992222,LUK,레전드리,24,0,유니크,1,1,255,0,0
고통의 근원,22,2025-04-21,83000000000,INT,레전드리,30,0,레전드리,2,1,255,0,0
고통의 근원,22,2025-04-21,69999999999,LUK,레전드리,33,0,레전드리,2,2,255,0,0
고통의 근원,22,2025-04-21,45555555555,STR,레전드리,0,0,레전드리,1,1,255,0,0
고통의 근원,22,2025-04-21,49000000000,LUK,레전드리,30,0,레전드리,2,1,255,0,0
오션 글로우 이어링,22,2025-04-21,76555555555,INT,레전드리,30,0,레전드리,3,2,255,0,0
오션 글로우 이어링,22,2025-04-21,14000000000,INT,레전드리,33,0,유니크,3,2,255,0,0
오션 글로우 이어링,22,2025-04-21,13500000000,STR,레전드리,21,0,레전드리,2,2,255,0,0
마이스터 이어링,22,2025-04-21,4500000000,LUK,유니크,18,0,에픽,2,1,255,0,0
마이스터 이어링,22,2025-04-21,7500000000,STR,레전드리,18,0,에픽,2,2,255,0,0
마이스터링,22,2025-04-21,12999999999,INT,레전드리,30,0,에픽,2,1,255,0,0
마이스터링,22,2025-04-21,11999999999,STR,레전드리,30,0,유니크,2,2,255,0,0
마이스터링,22,2025-04-21,15499000000,DEX,레전드리,30,0,없음,0,0,255,0,0
마이스터링,22,2025-04-21,114444444,STR,레전드리,30,0,레전드리,1,1,255,0,0
마이스터링,22,2025-04-21,12999000000,INT,유니크,21,0,유니크,2,1,255,0,0
마이스터링,22,2025-04-21,26999999888,STR,레전드리,21,0,에픽,2,1,255,0,0
마이스터링,22,2025-04-21,13500000000,LUK,레전드리,21,0,에픽,2,0,255,0,0
마이스터링,22,2025-04-21,13500000000,STR,레전드리,33,0,없음,0,0,255,0,0
마이스터링,22,2025-04-21,13999999999,LUK,레전드리,9,0,에픽,2,1,255,0,0
파풀라투스 마크,22,2025-04-21,9000000000,DEX,레전드리,0,0,에픽,2,1,255,0,0
파풀라투스 마크,22,2025-04-21,11000000000,STR,유니크,24,0,유니크,3,1,255,0,0
파풀라투스 마크,22,2025-04-21,12499999999,STR,레전드리,30,0,에픽,1,0,255,0,0
파풀라투스 마크,22,2025-04-21,10499999999,STR,레전드리,21,0,에픽,2,1,255,0,0
파풀라투스 마크,22,2025-04-21,9555555555,LUK,레전드리,12,0,에픽,2,1,255,0,0
파풀라투스 마크,22,2025-04-21,12499999999,DEX,레전드리,21,0,유니크,3,2,255,0,0
파풀라투스 마크,22,2025-04-21,6999999999,LUK,유니크,15,0,에픽,2,2,255,0,0
파풀라투스 마크,22,2025-04-21,12999999999,LUK,레전드리,33,0,유니크,2,2,255,0,0
파풀라투스 마크,22,2025-04-21,7999999999,DEX,유니크,21,0,에픽,3,1,255,0,0
가디언 엔젤 링,20,2025-04-21,6000000000,INT,레전드리,18,0,없음,0,0,255,0,0
몽환의 벨트,20,2025-04-21,40000000000,INT,레전드리,33,0,레전드리,3,1,255,0,0
마이스터링,20,2025-04-21,4555555555,STR,유니크,15,0,에픽,2,0,255,0,0
데이브레이크 펜던트,19,2025-04-21,6999999999,STR,레전드리,24,0,에픽,1,0,255,0,0
데이브레이크 펜던트,19,2025-04-21,3999999999,DEX,레전드리,21,0,에픽,2,1,255,0,0
데이브레이크 펜던트,19,2025-04-21,2699999999,STR,유니크,21,0,에픽,2,0,255,0,0
데이브레이크 펜던트,19,2025-04-21,0,LUK,레전드리,24,0,레전드리,1,0,255,0,0
데이브레이크 펜던트,19,2025-04-21,3333333333,DEX,유니크,15,0,에픽,2,1,255,0,0
데이브레이크 펜던트,19,2025-04-21,3555555555,INT,유니크,21,0,에픽,2,1,255,0,0
데이브레이크 펜던트,19,2025-04-21,4999999999,DEX,레전드리,9,0,에픽,2,0,255,0,0
트와일라이트 마크,19,2025-04-21,3100000000,STR,유니크,21,0,에픽,2,1,255,0,0
트와일라이트 마크,19,2025-04-21,2399999999,LUK,유니크,6,0,에픽,2,0,255,0,0
가디언 엔젤 링,19,2025-04-21,2999999999,STR,유니크,21,0,없음,0,0,255,0,0
에스텔라 이어링,19,2025-04-21,2900000000,DEX,유니크,15,0,에픽,2,0,255,0,0
거대한 공포,19,2025-04-21,90000000000,INT,레전드리,36,0,레전드리,2,2,255,0,0
몽환의 벨트,19,2025-04-21,22600000000,DEX,레전드리,30,0,레전드리,2,2,255,0,0
몽환의 벨트,19,2025-04-21,16500000000,INT,레전드리,21,0,에픽,2,1,255,0,0
몽환의 벨트,19,2025-04-21,15900000000,STR,레전드리,21,0,에픽,2,0,255,0,0
마이스터링,19,2025-04-21,899922222,LUK,유니크,12,0,없음,0,0,255,0,0
파풀라투스 마크,19,2025-04-21,2999999999,LUK,유니크,21,0,없음,0,0,255,0,0
파풀라투스 마크,19,2025-04-21,899922222,INT,유니크,15,0,에픽,3,1,255,0,0
데이브레이크 펜던트,18,2025-04-21,2799999999,INT,레전드리,9,0,없음,0,0,255,0,0
데이브레이크 펜던트,18,2025-04-21,444444,LUK,유니크,21,0,에픽,2,1,255,0,0
데이브레이크 펜던트,18,2025-04-21,1799999999,LUK,레전드리,9,0,에픽,3,1,255,0,0
데이브레이크 펜던트,18,2025-04-21,2000000000,STR,유니크,12,0,에픽,2,1,255,0,0
데이브레이크 펜던트,18,2025-04-21,1900000000,DEX,레전드리,9,0,에픽,1,0,255,0,0
데이브레이크 펜던트,18,2025-04-21,2000000000,DEX,유니크,15,0,에픽,2,2,255,0,0
데이브레이크 펜던트,18,2025-04-21,2555555555,INT,레전드리,12,0,에픽,2,1,255,0,0
데이브레이크 펜던트,18,2025-04-21,4555555555,LUK,레전드리,9,0,유니크,2,0,255,0,0
트와일라이트 마크,18,2025-04-21,71555555555,STR,레전드리,21,0,에픽,2,2,255,0,0
트와일라이트 마크,18,2025-04-21,1500000000,INT,유니크,18,0,없음,0,0,255,0,0
트와일라이트 마크,18,2025-04-21,7500000000,STR,유니크,15,0,에픽,1,1,255,0,0
트와일라이트 마크,18,2025-04-21,1499999999,HP,레전드리,30,0,에픽,2,2,255,0,0
트와일라이트 마크,18,2025-04-21,1499999999,STR,유니크,9,0,에픽,1,0,255,0,0
가디언 엔젤 링,18,2025-04-21,72555555555,LUK,유니크,15,0,에픽,2,1,255,0,0
가디언 엔젤 링,18,2025-04-21,1699999999,STR,레전드리,30,0,에픽,2,0,255,0,0
가디언 엔젤 링,18,2025-04-21,1799999999,INT,레전드리,21,0,에픽,2,0,255,0,0
가디언 엔젤 링,18,2025-04-21,1999999999,LUK,유니크,12,0,에픽,2,0,255,0,0
가디언 엔젤 링,18,2025-04-21,1799999999,LUK,유니크,12,0,없음,0,0,255,0,0
가디언 엔젤 링,18,2025-04-21,34353333333,LUK,레전드리,21,0,에픽,3,0,255,0,0
가디언 엔젤 링,18,2025-04-21,1500000000,STR,유니크,15,0,에픽,2,1,255,0,0
가디언 엔젤 링,18,2025-04-21,1888888888,DEX,레전드리,21,0,에픽,2,1,255,0,0
가디언 엔젤 링,18,2025-04-21,2699999989,DEX,레전드리,9,0,에픽,3,0,255,0,0
에스텔라 이어링,18,2025-04-21,2499999999,INT,유니크,21,0,에픽,2,1,255,0,0
에스텔라 이어링,18,2025-04-21,899922222,LUK,유니크,18,0,에픽,3,0,255,0,0
에스텔라 이어링,18,2025-04-21,1500000000,STR,레전드리,21,0,에픽,2,1,255,0,0
에스텔라 이어링,18,2025-04-21,2455555555,LUK,레전드리,33,0,에픽,1,1,255,0,0
에스텔라 이어링,18,2025-04-21,2444444,DEX,레전드리,0,0,에픽,2,2,255,0,0
에스텔라 이어링,18,2025-04-21,3000000000,STR,유니크,15,0,없음,0,0,255,0,0
에스텔라 이어링,18,2025-04-21,1600000000,LUK,유니크,15,0,없음,0,0,255,0,0
에스텔라 이어링,18,2025-04-21,2999999999,LUK,유니크,6,0,없음,0,0,255,0,0
에스텔라 이어링,18,2025-04-21,1500000000,STR,레전드리,21,0,에픽,2,1,255,0,0
루즈 컨트롤 머신 마크,18,2025-04-21,6111111111,STR,유니크,21,0,에픽,2,1,255,0,0
루즈 컨트롤 머신 마크,18,2025-04-21,6999999999,LUK,레전드리,9,0,에픽,1,0,255,0,0
루즈 컨트롤 머신 마크,18,2025-04-21,6999999999,STR,레전드리,30,0,에픽,1,0,255,0,0
루즈 컨트롤 머신 마크,18,2025-04-21,6499999999,LUK,레전드리,21,0,에픽,2,1,255,0,0
루즈 컨트롤 머신 마크,18,2025-04-21,15000000000,LUK,레전드리,30,0,유니크,2,2,255,0,0
루즈 컨트롤 머신 마크,18,2025-04-21,4000000000,LUK,유니크,21,0,에픽,1,0,255,0,0
루즈 컨트롤 머신 마크,18,2025-04-21,6888888888,INT,유니크,24,0,에픽,2,0,255,0,0
루즈 컨트롤 머신 마크,18,2025-04-21,6432100000,DEX,유니크,24,0,에픽,2,1,255,0,0
마력이 깃든 안대,18,2025-04-21,6800000000,STR,레전드리,21,0,에픽,2,1,255,0,0
마력이 깃든 안대,18,2025-04-21,7200000000,STR,레전드리,21,0,에픽,2,1,255,0,0
마력이 깃든 안대,18,2025-04-21,7500000000,STR,레전드리,21,0,에픽,2,1,255,0,0
마력이 깃든 안대,18,2025-04-21,15000000000,LUK,레전드리,9,0,유니크,1,0,255,0,0
마력이 깃든 안대,18,2025-04-21,6999999999,HP,레전드리,12,0,에픽,1,0,255,0,0
마력이 깃든 안대,18,2025-04-21,6999999999,STR,유니크,27,0,에픽,2,0,255,0,0
마력이 깃든 안대,18,2025-04-21,6208200922,STR,레전드리,9,0,에픽,2,1,255,0,0
마력이 깃든 안대,18,2025-04-21,6000000000,DEX,유니크,15,0,에픽,1,0,255,0,0
마력이 깃든 안대,18,2025-04-21,6999999999,HP,레전드리,30,0,에픽,2,1,255,0,0
거대한 공포,18,2025-04-21,12499999989,INT,레전드리,30,0,없음,0,0,255,0,0
거대한 공포,18,2025-04-21,19000000000,HP,레전드리,33,0,에픽,2,1,255,0,0
거대한 공포,18,2025-04-21,13999999999,DEX,레전드리,21,0,유니크,1,0,255,0,0
거대한 공포,18,2025-04-21,16999999999,HP,레전드리,30,0,에픽,2,1,255,0,0
거대한 공포,18,2025-04-21,6500000000,INT,레전드리,18,0,에픽,2,1,255,0,0
거대한 공포,18,2025-04-21,3335333333335,LUK,레전드리,30,0,없음,0,0,255,0,0
거대한 공포,18,2025-04-21,10499999999,LUK,레전드리,30,0,없음,0,0,255,0,0
거대한 공포,18,2025-04-21,1233533533333,STR,레전드리,12,0,에픽,2,2,255,0,0
몽환의 벨트,18,2025-04-21,6999999999,LUK,레전드리,30,0,에픽,2,0,255,0,0
몽환의 벨트,18,2025-04-21,6500000000,LUK,레전드리,21,0,없음,0,0,255,0,0
몽환의 벨트,18,2025-04-21,11000000000,DEX,레전드리,30,0,에픽,2,1,255,0,0
몽환의 벨트,18,2025-04-21,1654352111111,STR,유니크,24,0,에픽,1,0,255,0,0
몽환의 벨트,18,2025-04-21,6000000000,DEX,레전드리,21,0,에픽,2,1,255,0,0
몽환의 벨트,18,2025-04-21,11999999999,STR,레전드리,18,0,에픽,2,0,255,0,0
몽환의 벨트,18,2025-04-21,16799999999,INT,레전드리,21,0,에픽,2,0,255,0,0
몽환의 벨트,18,2025-04-21,26999000000,INT,레전드리,30,0,에픽,1,0,255,0,0
몽환의 벨트,18,2025-04-21,12499999999,LUK,레전드리,21,0,에픽,0,0,255,0,0
커맨더 포스 이어링,18,2025-04-21,9999999999,LUK,레전드리,30,0,레전드리,1,1,255,0,0
커맨더 포스 이어링,18,2025-04-21,1333533533333,STR,레전드리,18,0,에픽,2,0,255,0,0
커맨더 포스 이어링,18,2025-04-21,19888888888,LUK,레전드리,24,0,레전드리,1,0,255,0,0
커맨더 포스 이어링,18,2025-04-21,6555555555,INT,유니크,24,0,에픽,2,0,255,0,0
커맨더 포스 이어링,18,2025-04-21,14999999999,STR,레전드리,30,0,에픽,2,2,255,0,0
커맨더 포스 이어링,18,2025-04-21,6000000000,DEX,레전드리,30,0,에픽,2,1,255,0,0
커맨더 포스 이어링,18,2025-04-21,165499999990,LUK,레전드리,30,0,에픽,2,1,255,0,0
커맨더 포스 이어링,18,2025-04-21,75555555555,INT,레전드리,30,0,유니크,1,0,255,0,0
고통의 근원,18,2025-04-21,6999000000,LUK,레전드리,30,0,에픽,2,1,255,0,0
고통의 근원,18,2025-04-21,9999999999,INT,레전드리,30,0,에픽,2,0,255,0,0
고통의 근원,18,2025-04-21,15999999988,LUK,레전드리,9,0,에픽,2,2,255,0,0
고통의 근원,18,2025-04-21,18499999999,STR,레전드리,18,0,에픽,1,1,255,0,0
고통의 근원,18,2025-04-21,9599999999,STR,레전드리,21,0,에픽,0,0,255,0,0
고통의 근원,18,2025-04-21,12000000000,DEX,레전드리,30,0,에픽,2,1,255,0,0
고통의 근원,18,2025-04-21,165499999999,INT,레전드리,30,0,에픽,2,2,255,0,0
고통의 근원,18,2025-04-21,122822920909,DEX,레전드리,18,0,에픽,2,0,255,0,0
마이스터 이어링,18,2025-04-21,1500000000,STR,유니크,24,0,에픽,1,0,255,0,0
마이스터 이어링,18,2025-04-21,655555555,INT,유니크,15,0,에픽,2,1,255,0,0
마이스터링,18,2025-04-21,2000000000,LUK,유니크,18,0,없음,0,0,255,0,0
마이스터링,18,2025-04-21,2799999999,INT,유니크,24,0,에픽,2,0,255,0,0
마이스터링,18,2025-04-21,20999999999,HP,레전드리,30,0,에픽,0,0,255,0,0
마이스터링,18,2025-04-21,4499999999,HP,유니크,15,0,에픽,3,0,255,0,0
마이스터링,18,2025-04-21,1666666666,DEX,유니크,21,0,에픽,2,2,255,0,0
마이스터링,18,2025-04-21,6499999999,STR,유니크,21,0,에픽,2,1,255,0,0
마이스터링,18,2025-04-21,6990000000,ALL,레전드리,0,0,에픽,2,0,255,0,0
마이스터링,18,2025-04-21,6199000000,HP,레전드리,9,0,에픽,1,0,255,0,0
마이스터링,18,2025-04-21,6555555555,LUK,레전드리,21,0,에픽,1,0,255,0,0
파풀라투스 마크,18,2025-04-21,1600000000,STR,유니크,15,0,에픽,2,0,255,0,0
파풀라투스 마크,18,2025-04-21,1250000000,STR,유니크,15,0,없음,0,0,255,0,0
파풀라투스 마크,18,2025-04-21,1999999999,INT,유니크,24,0,에픽,2,1,255,0,0
파풀라투스 마크,18,2025-04-21,2499999999,STR,레전드리,18,0,없음,0,0,255,0,0
파풀라투스 마크,18,2025-04-21,3200000000,DEX,레전드리,9,0,에픽,2,1,255,0,0
파풀라투스 마크,18,2025-04-21,2555555555,STR,유니크,6,0,에픽,2,0,255,0,0
컴플리트 언더컨트롤,18,2025-04-21,69999999888,LUK,레전드리,33,0,레전드리,3,2,255,0,0
데이브레이크 펜던트,17,2025-04-21,1050000000,STR,유니크,15,0,에픽,2,0,255,0,0
데이브레이크 펜던트,17,2025-04-21,4333333333,HP,유니크,21,0,에픽,1,0,255,0,0
데이브레이크 펜던트,17,2025-04-21,3099999999,INT,유니크,15,0,에픽,2,2,255,0,0
데이브레이크 펜던트,17,2025-04-21,899922222,LUK,유니크,21,0,유니크,1,1,255,0,0
데이브레이크 펜던트,17,2025-04-21,1755555555,HP,레전드리,9,0,에픽,2,0,255,0,0
데이브레이크 펜던트,17,2025-04-21,4499999999,LUK,유니크,15,0,에픽,2,1,255,0,0
데이브레이크 펜던트,17,2025-04-21,1849999999,LUK,유니크,15,0,에픽,2,1,255,0,0
데이브레이크 펜던트,17,2025-04-21,3300000000,DEX,유니크,6,0,에픽,2,1,255,0,0
트와일라이트 마크,17,2025-04-21,688888880,STR,유니크,15,0,에픽,2,1,255,0,0
트와일라이트 마크,17,2025-04-21,740000000,LUK,레전드리,0,0,에픽,2,1,255,0,0
트와일라이트 마크,17,2025-04-21,2999999999,DEX,레전드리,9,0,에픽,1,0,255,0,0
트와일라이트 마크,17,2025-04-21,649999999,INT,유니크,21,0,에픽,1,0,255,0,0
트와일라이트 마크,17,2025-04-21,999999999,INT,유니크,21,0,없음,0,0,255,0,0
트와일라이트 마크,17,2025-04-21,2999999999,INT,유니크,15,0,없음,0,0,255,0,0
트와일라이트 마크,17,2025-04-21,6499999999,STR,유니크,15,0,에픽,2,1,255,0,0
트와일라이트 마크,17,2025-04-21,900000000,STR,유니크,15,0,없음,0,0,255,0,0
트와일라이트 마크,17,2025-04-21,739999999,STR,유니크,15,0,에픽,2,1,255,0,0
가디언 엔젤 링,17,2025-04-21,1299999999,INT,유니크,21,0,에픽,2,1,255,0,0
가디언 엔젤 링,17,2025-04-21,208902222,STR,유니크,21,0,에픽,2,2,255,0,0
가디언 엔젤 링,17,2025-04-21,22999999989,LUK,유니크,21,0,없음,0,0,255,0,0
가디언 엔젤 링,17,2025-04-21,1255555555,STR,레전드리,30,0,에픽,2,0,255,0,0
가디언 엔젤 링,17,2025-04-21,600000000,STR,유니크,21,0,에픽,3,2,255,0,0
가디언 엔젤 링,17,2025-04-21,6499999999,STR,유니크,9,0,없음,0,0,255,0,0
가디언 엔젤 링,17,2025-04-21,688888888,LUK,유니크,21,0,에픽,1,1,255,0,0
가디언 엔젤 링,17,2025-04-21,955555555,DEX,유니크,15,0,에픽,2,0,255,0,0
가디언 엔젤 링,17,2025-04-21,699999999,STR,레전드리,9,0,에픽,1,1,255,0,0
에스텔라 이어링,17,2025-04-21,966666666,STR,유니크,12,0,없음,0,0,255,0,0
에스텔라 이어링,17,2025-04-21,1000000000,LUK,유니크,15,0,에픽,2,1,255,0,0
에스텔라 이어링,17,2025-04-21,12222022992,INT,유니크,9,0,에픽,0,0,255,0,0
에스텔라 이어링,17,2025-04-21,2990000000,ALL,레전드리,0,0,에픽,3,0,255,0,0
에스텔라 이어링,17,2025-04-21,780000000,DEX,유니크,9,0,없음,0,0,255,0,0
에스텔라 이어링,17,2025-04-21,1750000000,LUK,유니크,15,0,없음,0,0,255,0,0
에스텔라 이어링,17,2025-04-21,1349999999,STR,유니크,15,0,없음,0,0,255,0,0
에스텔라 이어링,17,2025-04-21,1255555555,STR,레전드리,9,0,없음,0,0,255,0,0
에스텔라 이어링,17,2025-04-21,699999999,LUK,레전드리,12,0,없음,0,0,255,0,0
루즈 컨트롤 머신 마크,17,2025-04-21,63599999999,LUK,레전드리,9,0,없음,0,0,255,0,0
루즈 컨트롤 머신 마크,17,2025-04-21,6500000000,DEX,레전드리,21,0,유니크,1,0,255,0,0
루즈 컨트롤 머신 마크,17,2025-04-21,6888888888,LUK,레전드리,30,0,없음,0,0,255,0,0
루즈 컨트롤 머신 마크,17,2025-04-21,6555555555,ALL,레전드리,0,0,에픽,3,0,255,0,0
마력이 깃든 안대,17,2025-04-21,11500000000,STR,레전드리,30,0,에픽,2,1,255,0,0
마력이 깃든 안대,17,2025-04-21,6800000000,INT,레전드리,9,0,없음,0,0,255,0,0
마력이 깃든 안대,17,2025-04-21,288992222,INT,레전드리,21,0,에픽,2,0,255,0,0
마력이 깃든 안대,17,2025-04-21,6999999999,INT,레전드리,21,0,유니크,2,0,255,0,0
마력이 깃든 안대,17,2025-04-21,6800000000,DEX,레전드리,30,0,에픽,0,0,255,0,0
마력이 깃든 안대,17,2025-04-21,3499999999,STR,유니크,18,0,없음,0,0,255,0,0
마력이 깃든 안대,17,2025-04-21,6000000000,LUK,레전드리,30,0,에픽,1,0,255,0,0
거대한 공포,17,2025-04-21,13000000000,STR,레전드리,30,0,에픽,2,2,255,0,0
거대한 공포,17,2025-04-21,6111111111,STR,유니크,21,0,에픽,2,0,255,0,0
거대한 공포,17,2025-04-21,10222202909,INT,레전드리,21,0,에픽,1,0,255,0,0
몽환의 벨트,17,2025-04-21,12999999999,DEX,레전드리,33,0,없음,0,0,255,0,0
몽환의 벨트,17,2025-04-21,9999999999,DEX,레전드리,21,0,에픽,2,1,255,0,0
몽환의 벨트,17,2025-04-21,7888888888,DEX,레전드리,12,0,에픽,2,2,255,0,0
커맨더 포스 이어링,17,2025-04-21,9999999999,INT,레전드리,12,0,레전드리,1,0,255,0,0
커맨더 포스 이어링,17,2025-04-21,6888888888,DEX,레전드리,21,0,에픽,3,1,255,0,0
커맨더 포스 이어링,17,2025-04-21,10555555555,INT,레전드리,18,0,에픽,2,0,255,0,0
커맨더 포스 이어링,17,2025-04-21,6988888888,STR,유니크,21,0,없음,0,0,255,0,0
커맨더 포스 이어링,17,2025-04-21,6800000009,DEX,유니크,24,0,에픽,2,0,255,0,0
고통의 근원,17,2025-04-21,7999999999,DEX,유니크,24,0,에픽,2,0,255,0,0
고통의 근원,17,2025-04-21,12000000000,STR,레전드리,21,0,에픽,0,0,255,0,0
마이스터 이어링,17,2025-04-21,1399999999,LUK,레전드리,9,0,없음,0,0,255,0,0
마이스터링,17,2025-04-21,6600000000,LUK,레전드리,18,0,없음,0,0,255,0,0
마이스터링,17,2025-04-21,999999999,LUK,레전드리,18,0,에픽,2,1,255,0,0
마이스터링,17,2025-04-21,1000000000,DEX,유니크,15,0,유니크,1,1,255,0,0
마이스터링,17,2025-04-21,688888888,LUK,유니크,15,0,없음,0,0,255,0,0
마이스터링,17,2025-04-21,3899999999,INT,레전드리,0,0,에픽,2,1,255,0,0
마이스터링,17,2025-04-21,133335353333,STR,유니크,12,0,에픽,1,0,255,0,0
마이스터링,17,2025-04-21,1599999989,LUK,유니크,21,0,없음,0,0,255,0,0
마이스터링,17,2025-04-21,3799999999,STR,레전드리,30,0,에픽,2,0,255,0,0
파풀라투스 마크,17,2025-04-21,900000000,STR,유니크,15,0,에픽,2,1,255,0,0
파풀라투스 마크,17,2025-04-21,699999999,STR,유니크,9,0,에픽,1,0,255,0,0
파풀라투스 마크,17,2025-04-21,649999999,INT,레전드리,18,0,에픽,0,0,255,0,0
파풀라투스 마크,17,2025-04-21,2000000000,STR,유니크,15,0,없음,0,0,255,0,0
파풀라투스 마크,17,2025-04-21,30111111111,STR,레전드리,21,0,없음,0,0,255,0,0
파풀라투스 마크,17,2025-04-21,1000000000,LUK,유니크,15,0,없음,0,0,255,0,0
파풀라투스 마크,17,2025-04-21,3666666666,STR,레전드리,24,0,에픽,2,2,255,0,0
파풀라투스 마크,17,2025-04-21,1999999999,STR,유니크,15,0,에픽,2,1,255,0,0
데이브레이크 펜던트,12,2025-04-21,2949999999,INT,레전드리,21,0,없음,0,0,255,0,0
데이브레이크 펜던트,12,2025-04-21,12000000000,STR,레전드리,30,0,레전드리,1,1,255,0,0
트와일라이트 마크,12,2025-04-21,1111111111,STR,유니크,21,0,에픽,2,0,255,0,0
가디언 엔젤 링,12,2025-04-21,1499999999,STR,레전드리,9,0,에픽,2,1,255,0,0
거대한 공포,12,2025-04-21,16500000000,INT,레전드리,24,0,유니크,1,0,255,0,0
몽환의 벨트,12,2025-04-21,6500000000,INT,레전드리,9,0,에픽,2,0,255,0,0
마이스터 이어링,12,2025-04-21,6999999999,LUK,레전드리,21,0,유니크,2,2,255,0,0
마이스터링,12,2025-04-21,1699000000,STR,레전드리,21,0,없음,0,0,255,0,0
마이스터링,12,2025-04-21,6555555555,STR,레전드리,24,0,레전드리,2,2,255,0,0
마이스터링,12,2025-04-21,1600000000,HP,레전드리,30,0,없음,0,0,255,0,0
마이스터링,12,2025-04-21,2999999999,INT,레전드리,9,0,없음,0,0,255,0,0
마이스터링,12,2025-04-21,3455555555,STR,레전드리,30,0,유니크,2,0,255,0,0
마이스터링,12,2025-04-21,7500000000,DEX,레전드리,21,0,레전드리,2,2,255,0,0
파풀라투스 마크,12,2025-04-21,1433533533333,STR,레전드리,30,0,레전드리,1,0,255,0,0
데이브레이크 펜던트,0,2025-04-21,933333333,ALL,없음,0,0,없음,0,0,255,0,1
데이브레이크 펜던트,0,2025-04-21,260000000,ALL,없음,0,0,없음,0,0,255,0,1
데이브레이크 펜던트,0,2025-04-21,933333333,ALL,없음,0,0,없음,0,0,255,0,1
데이브레이크 펜던트,0,2025-04-21,933333333,ALL,없음,0,0,없음,0,0,255,0,1
데이브레이크 펜던트,0,2025-04-21,933333333,ALL,없음,0,0,없음,0,0,255,0,1
데이브레이크 펜던트,0,2025-04-21,749999999,STR,유니크,12,0,,0,0,255,0,0
데이브레이크 펜던트,0,2025-04-21,230000000,ALL,없음,0,0,없음,0,0,255,0,1
데이브레이크 펜던트,0,2025-04-21,260000000,ALL,없음,0,0,없음,0,0,255,0,1
트와일라이트 마크,0,2025-04-21,1400000,ALL,없음,0,0,없음,0,0,255,0,1
트와일라이트 마크,0,2025-04-21,699999999,INT,유니크,21,0,에픽,1,0,255,0,0
트와일라이트 마크,0,2025-04-21,2,ALL,없음,0,0,없음,0,0,255,0,1
트와일라이트 마크,0,2025-04-21,1400000,ALL,없음,0,0,없음,0,0,255,0,1
트와일라이트 마크,0,2025-04-21,1111111,ALL,없음,0,0,없음,0,0,255,0,1
트와일라이트 마크,0,2025-04-21,2300000,ALL,없음,0,0,없음,0,0,255,0,1
트와일라이트 마크,0,2025-04-21,655555555,STR,유니크,15,0,에픽,2,1,255,0,0
트와일라이트 마크,0,2025-04-21,1000000,ALL,없음,0,0,없음,0,0,255,0,1
가디언 엔젤 링,0,2025-04-21,133353333,ALL,없음,0,0,없음,0,0,255,0,1
가디언 엔젤 링,0,2025-04-21,30000000,ALL,없음,0,0,없음,0,0,255,0,1
가디언 엔젤 링,0,2025-04-21,96749999,ALL,없음,0,0,없음,0,0,255,0,1
가디언 엔젤 링,0,2025-04-21,111111117,ALL,없음,0,0,없음,0,0,255,0,1
가디언 엔젤 링,0,2025-04-21,12202222,ALL,없음,0,0,없음,0,0,255,0,1
가디언 엔젤 링,0,2025-04-21,27988888,ALL,없음,0,0,없음,0,0,255,0,1
가디언 엔젤 링,0,2025-04-21,12202222,ALL,없음,0,0,없음,0,0,255,0,1
가디언 엔젤 링,0,2025-04-21,12202222,ALL,없음,0,0,없음,0,0,255,0,1
가디언 엔젤 링,0,2025-04-21,96749999,ALL,없음,0,0,없음,0,0,255,0,1
에스텔라 이어링,0,2025-04-21,2999999,STR,레전드리,12,0,에픽,2,0,255,0,0
에스텔라 이어링,0,2025-04-21,1811111,ALL,없음,0,0,없음,0,0,255,0,1
에스텔라 이어링,0,2025-04-21,6888888,ALL,없음,0,0,없음,0,0,255,0,1
에스텔라 이어링,0,2025-04-21,1355555555,STR,유니크,18,0,,0,0,255,0,0
에스텔라 이어링,0,2025-04-21,2100000,ALL,없음,0,0,없음,0,0,255,0,1
에스텔라 이어링,0,2025-04-21,177,ALL,없음,0,0,없음,0,0,255,0,1
에스텔라 이어링,0,2025-04-21,1800000,ALL,없음,0,0,없음,0,0,255,0,1
에스텔라 이어링,0,2025-04-21,4555555,ALL,없음,0,0,없음,0,0,255,0,1
에스텔라 이어링,0,2025-04-21,3111111,ALL,없음,0,0,없음,0,0,255,0,1
루즈 컨트롤 머신 마크,0,2025-04-21,2211111111,ALL,없음,0,0,없음,0,0,255,0,1
루즈 컨트롤 머신 마크,0,2025-04-21,22290000000,ALL,없음,0,0,없음,0,0,255,0,1
루즈 컨트롤 머신 마크,0,2025-04-21,24350000000,ALL,없음,0,0,없음,0,0,255,0,1
루즈 컨트롤 머신 마크,0,2025-04-21,2388888888,ALL,없음,0,0,없음,0,0,255,0,1
루즈 컨트롤 머신 마크,0,2025-04-21,2999999999,ALL,없음,0,0,없음,0,0,255,0,1
루즈 컨트롤 머신 마크,0,2025-04-21,2999999999,ALL,없음,0,0,없음,0,0,255,0,1
루즈 컨트롤 머신 마크,0,2025-04-21,4333333333,STR,레전드리,33,0,,0,0,255,0,0
루즈 컨트롤 머신 마크,0,2025-04-21,899922222,STR,레전드리,9,0,,0,0,255,0,0
루즈 컨트롤 머신 마크,0,2025-04-21,7444444,HP,레전드리,30,0,,0,0,255,0,0
마력이 깃든 안대,0,2025-04-21,3197875465,STR,레전드리,9,0,,0,0,255,0,0
마력이 깃든 안대,0,2025-04-21,3149999999,DEX,레전드리,18,0,,0,0,255,0,0
마력이 깃든 안대,0,2025-04-21,3148888888,ALL,없음,0,0,없음,0,0,255,0,1
마력이 깃든 안대,0,2025-04-21,48444444,ALL,없음,0,0,없음,0,0,255,0,1
마력이 깃든 안대,0,2025-04-21,6199999999,DEX,레전드리,12,0,,0,0,255,0,0
마력이 깃든 안대,0,2025-04-21,30111111111,ALL,없음,0,0,없음,0,0,255,0,1
마력이 깃든 안대,0,2025-04-21,129444444,ALL,없음,0,0,없음,0,0,255,0,1
마력이 깃든 안대,0,2025-04-21,47444444,DEX,레전드리,30,0,,0,0,255,0,0
마력이 깃든 안대,0,2025-04-21,3150000000,ALL,없음,0,0,없음,0,0,255,0,1
거대한 공포,0,2025-04-21,6999999999,INT,레전드리,12,0,,0,0,255,0,0
거대한 공포,0,2025-04-21,11899999999,STR,레전드리,21,0,에픽,1,0,255,0,0
거대한 공포,0,2025-04-21,6800000000,INT,레전드리,9,0,,0,0,255,0,0
거대한 공포,0,2025-04-21,6555555555,ALL,없음,0,0,없음,0,0,255,0,1
거대한 공포,0,2025-04-21,6744444,INT,레전드리,12,0,,0,0,255,0,0
거대한 공포,0,2025-04-21,10999999999,STR,레전드리,24,0,,0,0,255,0,0
거대한 공포,0,2025-04-21,6700000000,INT,레전드리,18,0,,0,0,255,0,0
거대한 공포,0,2025-04-21,4888000000,ALL,없음,0,0,없음,0,0,255,0,1
몽환의 벨트,0,2025-04-21,3999999999,ALL,없음,0,0,없음,0,0,255,0,1
몽환의 벨트,0,2025-04-21,39444444,ALL,없음,0,0,없음,0,0,255,0,1
몽환의 벨트,0,2025-04-21,3933333333,ALL,없음,0,0,없음,0,0,255,0,1
몽환의 벨트,0,2025-04-21,3920000000,ALL,없음,0,0,없음,0,0,255,0,1
몽환의 벨트,0,2025-04-21,3899999998,DEX,레전드리,24,0,,0,0,255,0,0
몽환의 벨트,0,2025-04-21,6555555555,INT,레전드리,30,0,,0,0,255,0,0
몽환의 벨트,0,2025-04-21,7199999999,ALL,없음,0,0,없음,0,0,255,0,1
몽환의 벨트,0,2025-04-21,6800000000,DEX,레전드리,21,0,,0,0,255,0,0
몽환의 벨트,0,2025-04-21,6798000000,ALL,없음,0,0,없음,0,0,255,0,1
커맨더 포스 이어링,0,2025-04-21,6888888888,DEX,레전드리,21,0,에픽,0,0,255,0,0
커맨더 포스 이어링,0,2025-04-21,8882090222,INT,레전드리,12,0,에픽,1,0,255,0,0
커맨더 포스 이어링,0,2025-04-21,2444444,ALL,없음,0,0,없음,0,0,255,0,1
커맨더 포스 이어링,0,2025-04-21,9499999999,ALL,없음,0,0,없음,0,0,255,0,1
커맨더 포스 이어링,0,2025-04-21,46444444,ALL,없음,0,0,없음,0,0,255,0,1
커맨더 포스 이어링,0,2025-04-21,6800000000,ALL,없음,0,0,없음,0,0,255,0,1
커맨더 포스 이어링,0,2025-04-21,4199999998,ALL,없음,0,0,없음,0,0,255,0,1
커맨더 포스 이어링,0,2025-04-21,41444444,ALL,없음,0,0,없음,0,0,255,0,1
커맨더 포스 이어링,0,2025-04-21,2408902222,STR,레전드리,21,0,,0,0,255,0,0
고통의 근원,0,2025-04-21,9500000000,ALL,없음,0,0,없음,0,0,255,0,1
고통의 근원,0,2025-04-21,4950000000,ALL,없음,0,0,없음,0,0,255,0,1
고통의 근원,0,2025-04-21,7144444,ALL,없음,0,0,없음,0,0,255,0,1
고통의 근원,0,2025-04-21,64444444,ALL,없음,0,0,없음,0,0,255,0,1
고통의 근원,0,2025-04-21,0,LUK,레전드리,24,0,,0,0,255,0,0
고통의 근원,0,2025-04-21,6399999999,ALL,없음,0,0,없음,0,0,255,0,1
고통의 근원,0,2025-04-21,21000000000,INT,레전드리,30,0,레전드리,2,2,255,0,0
고통의 근원,0,2025-04-21,4899999999,ALL,없음,0,0,없음,0,0,255,0,1
마이스터 이어링,0,2025-04-21,6,ALL,없음,0,0,없음,0,0,255,0,1
마이스터 이어링,0,2025-04-21,399999999,ALL,없음,0,0,없음,0,0,255,0,1
마이스터 이어링,0,2025-04-21,355555555,ALL,없음,0,0,없음,0,0,255,0,1
마이스터링,0,2025-04-21,755555555,ALL,없음,0,0,없음,0,0,255,0,1
마이스터링,0,2025-04-21,35969999,ALL,없음,0,0,없음,0,0,255,0,1
마이스터링,0,2025-04-21,70000000,ALL,없음,0,0,없음,0,0,255,0,1
마이스터링,0,2025-04-21,35950000,ALL,없음,0,0,없음,0,0,255,0,1
마이스터링,0,2025-04-21,35950000,ALL,없음,0,0,없음,0,0,255,0,1
마이스터링,0,2025-04-21,36000000,INT,레전드리,9,0,,0,0,255,0,0
마이스터링,0,2025-04-21,2999999999,ALL,없음,0,0,없음,0,0,255,0,1
마이스터링,0,2025-04-21,17666,ALL,없음,0,0,없음,0,0,255,0,1
마이스터링,0,2025-04-21,655555555,INT,레전드리,9,0,,0,0,255,0,0
파풀라투스 마크,0,2025-04-21,65000000,ALL,없음,0,0,없음,0,0,255,0,1
파풀라투스 마크,0,2025-04-21,64999999,ALL,없음,0,0,없음,0,0,255,0,1
파풀라투스 마크,0,2025-04-21,6444444,ALL,없음,0,0,없음,0,0,255,0,1
파풀라투스 마크,0,2025-04-21,64444445,LUK,유니크,15,0,,0,0,255,0,0
파풀라투스 마크,0,2025-04-21,63333333,ALL,없음,0,0,없음,0,0,255,0,1
파풀라투스 마크,0,2025-04-21,63333333,ALL,없음,0,0,없음,0,0,255,0,1
파풀라투스 마크,0,2025-04-21,63000000,ALL,없음,0,0,없음,0,0,255,0,1
파풀라투스 마크,0,2025-04-21,63000000,STR,유니크,15,0,,0,0,255,0,0
파풀라투스 마크,0,2025-04-21,61111111,LUK,유니크,21,0,,0,0,255,0,0
컴플리트 언더컨트롤,0,2025-04-21,34500000000,ALL,없음,0,0,없음,0,0,255,0,1
컴플리트 언더컨트롤,0,2025-04-21,66999999999,INT,레전드리,21,0,레전드리,2,2,255,0,0
루즈 컨트롤 머신 마크,20,2025-04-22,17999999999,LUK,레전드리,24,0,에픽,2,0,255,0,0
마력이 깃든 안대,12,2025-04-22,6999999999,LUK,레전드리,30,0,없음,0,0,255,0,0
마력이 깃든 안대,12,2025-04-22,60444444,STR,레전드리,9,0,없음,0,0,255,0,0
마력이 깃든 안대,12,2025-04-22,6499999999,STR,레전드리,21,0,에픽,2,0,255,0,0
마력이 깃든 안대,19,2025-04-22,72555555555,HP,레전드리,30,0,없음,0,0,255,0,0
마력이 깃든 안대,19,2025-04-22,16000000000,DEX,레전드리,33,0,유니크,0,0,255,0,0
마력이 깃든 안대,20,2025-04-22,16999999999,LUK,레전드리,30,0,유니크,2,0,255,0,0
거대한 공포,12,2025-04-22,29999999999,DEX,레전드리,36,0,없음,0,0,255,0,0
거대한 공포,12,2025-04-22,700000000,STR,레전드리,21,0,없음,0,0,255,0,0
거대한 공포,17,2025-04-22,6999999999,DEX,레전드리,30,0,에픽,1,1,255,0,0
거대한 공포,17,2025-04-22,6199999999,LUK,유니크,18,0,에픽,2,0,255,0,0
거대한 공포,17,2025-04-22,7999999999,INT,유니크,15,0,에픽,2,0,255,0,0
거대한 공포,17,2025-04-22,6999999999,LUK,유니크,6,0,에픽,2,1,255,0,0
거대한 공포,17,2025-04-22,6555555555,INT,유니크,15,0,없음,0,0,255,0,0
거대한 공포,19,2025-04-22,16000000000,DEX,레전드리,21,0,에픽,1,0,255,0,0
거대한 공포,19,2025-04-22,19900000000,STR,레전드리,30,0,에픽,2,0,255,0,0
거대한 공포,19,2025-04-22,16500000000,STR,레전드리,21,0,에픽,2,1,255,0,0
거대한 공포,19,2025-04-22,34000000000,INT,레전드리,21,0,레전드리,2,1,255,0,0
몽환의 벨트,12,2025-04-22,30000000000,DEX,레전드리,33,0,레전드리,1,0,255,0,0
몽환의 벨트,12,2025-04-22,6299999999,DEX,레전드리,24,0,없음,0,0,255,0,0
몽환의 벨트,12,2025-04-22,9000000000,LUK,레전드리,30,0,없음,0,0,255,0,0
몽환의 벨트,12,2025-04-22,10500000000,STR,레전드리,30,0,에픽,2,1,255,0,0
몽환의 벨트,12,2025-04-22,30000000000,INT,레전드리,33,0,레전드리,3,1,255,0,0
몽환의 벨트,17,2025-04-22,6999999999,DEX,레전드리,30,0,유니크,2,0,255,0,0
몽환의 벨트,17,2025-04-22,7888888888,HP,유니크,21,0,에픽,2,2,255,0,0
몽환의 벨트,17,2025-04-22,72333333333,STR,레전드리,21,0,에픽,3,2,255,0,0
몽환의 벨트,17,2025-04-22,4999999999,INT,유니크,15,0,에픽,2,0,255,0,0
몽환의 벨트,19,2025-04-22,18999999999,LUK,레전드리,21,0,에픽,0,0,255,0,0
커맨더 포스 이어링,12,2025-04-22,4611111111,INT,레전드리,9,0,없음,0,0,255,0,0
커맨더 포스 이어링,12,2025-04-22,13666666666,LUK,레전드리,30,0,유니크,1,1,255,0,0
커맨더 포스 이어링,12,2025-04-22,17999999999,DEX,레전드리,33,0,레전드리,2,1,255,0,0
커맨더 포스 이어링,12,2025-04-22,4800000000,HP,레전드리,30,0,없음,0,0,255,0,0
커맨더 포스 이어링,17,2025-04-22,4500000000,DEX,레전드리,12,0,에픽,2,0,255,0,0
커맨더 포스 이어링,17,2025-04-22,6999999999,LUK,유니크,21,0,에픽,2,0,255,0,0
커맨더 포스 이어링,17,2025-04-22,7499999999,INT,유니크,21,0,에픽,2,1,255,0,0
커맨더 포스 이어링,17,2025-04-22,6666566666,STR,레전드리,18,0,에픽,2,1,255,0,0
커맨더 포스 이어링,19,2025-04-22,18000000000,LUK,레전드리,30,0,유니크,2,2,255,0,0
도미네이터 펜던트,19,2025-04-22,2888888888,STR,유니크,15,0,에픽,2,0,255,0,0
도미네이터 펜던트,19,2025-04-22,3999999999,STR,유니크,12,0,에픽,2,0,255,0,0
도미네이터 펜던트,19,2025-04-22,2799999999,LUK,유니크,9,0,에픽,2,1,255,0,0
고통의 근원,12,2025-04-22,11222200900,LUK,레전드리,21,0,없음,0,0,255,0,0
고통의 근원,12,2025-04-22,13000000000,LUK,레전드리,24,0,유니크,1,1,255,0,0
고통의 근원,12,2025-04-22,7244444,LUK,레전드리,9,0,없음,0,0,255,0,0
고통의 근원,19,2025-04-22,18999999999,STR,레전드리,30,0,에픽,2,1,255,0,0
오션 글로우 이어링,12,2025-04-22,9999999999,LUK,레전드리,30,0,레전드리,1,0,255,0,0
오션 글로우 이어링,17,2025-04-22,1500000000,LUK,유니크,6,0,없음,0,0,255,0,0
마이스터 이어링,17,2025-04-22,13222222992,HP,유니크,0,0,레전드리,1,1,255,0,0
마이스터 이어링,17,2025-04-22,655555555,INT,유니크,21,0,에픽,1,0,255,0,0
마이스터 이어링,17,2025-04-22,1400000000,INT,유니크,15,0,레전드리,1,1,255,0,0
컴플리트 언더컨트롤,18,2025-04-22,60000000000,LUK,레전드리,30,0,레전드리,2,1,255,0,0
컴플리트 언더컨트롤,18,2025-04-22,74999999999,STR,레전드리,21,0,레전드리,2,1,255,0,0
컴플리트 언더컨트롤,20,2025-04-22,130000000000,INT,레전드리,33,0,레전드리,0,0,255,0,0
마이스터 이어링,0,2025-04-22,338888888,ALL,없음,0,0,없음,0,0,255,0,1
마이스터 이어링,0,2025-04-22,350000000,ALL,없음,0,0,없음,0,0,255,0,1
마이스터 이어링,0,2025-04-22,311111111,ALL,없음,0,0,없음,0,0,255,0,1
데이브레이크 펜던트,22,2025-04-23,1111111111,DEX,유니크,6,0,에픽,2,0,255,0,0
데이브레이크 펜던트,22,2025-04-23,899922222,STR,레전드리,21,0,에픽,2,0,255,0,0
데이브레이크 펜던트,22,2025-04-23,1299999999,STR,유니크,21,0,에픽,2,0,255,0,0
데이브레이크 펜던트,22,2025-04-23,13999999999,STR,레전드리,33,0,없음,0,0,255,0,0
데이브레이크 펜던트,22,2025-04-23,14900000000,DEX,레전드리,21,0,에픽,2,1,255,0,0
데이브레이크 펜던트,22,2025-04-23,711555555555,INT,레전드리,30,0,에픽,2,0,255,0,0
데이브레이크 펜던트,22,2025-04-23,164444444,DEX,레전드리,30,0,에픽,2,0,255,0,0
데이브레이크 펜던트,22,2025-04-23,6499999997,DEX,유니크,21,0,에픽,2,0,255,0,0
데이브레이크 펜던트,22,2025-04-23,12800000000,STR,레전드리,30,0,레전드리,1,0,255,0,0
데이브레이크 펜던트,22,2025-04-23,14500000000,STR,유니크,21,0,에픽,2,0,255,0,0
데이브레이크 펜던트,22,2025-04-23,271999999999,DEX,레전드리,21,0,에픽,2,1,255,0,0
데이브레이크 펜던트,22,2025-04-23,19000000000,STR,레전드리,12,0,에픽,2,1,255,0,0
데이브레이크 펜던트,12,2025-04-23,1299999999,STR,유니크,21,0,에픽,2,0,255,0,0
데이브레이크 펜던트,12,2025-04-23,899922222,STR,레전드리,21,0,에픽,2,0,255,0,0
데이브레이크 펜던트,12,2025-04-23,1111111111,DEX,유니크,6,0,에픽,2,0,255,0,0
데이브레이크 펜던트,17,2025-04-23,1499999999,ALL,레전드리,0,0,에픽,2,0,255,0,0
데이브레이크 펜던트,17,2025-04-23,1400000000,STR,유니크,15,0,에픽,1,0,255,0,0
데이브레이크 펜던트,17,2025-04-23,2499999990,STR,유니크,12,0,에픽,2,1,255,0,0
데이브레이크 펜던트,17,2025-04-23,1458888888,LUK,유니크,15,0,없음,0,0,255,0,0
데이브레이크 펜던트,17,2025-04-23,288992222,DEX,유니크,21,0,에픽,2,2,255,0,0
데이브레이크 펜던트,17,2025-04-23,2000000000,INT,유니크,12,0,없음,0,0,255,0,0
데이브레이크 펜던트,17,2025-04-23,1299999999,LUK,유니크,15,0,없음,0,0,255,0,0
데이브레이크 펜던트,17,2025-04-23,1488888888,STR,유니크,21,0,에픽,1,0,255,0,0
데이브레이크 펜던트,17,2025-04-23,1699999999,DEX,레전드리,0,0,유니크,2,1,255,0,0
데이브레이크 펜던트,18,2025-04-23,2499999999,HP,유니크,15,0,에픽,1,1,255,0,0
데이브레이크 펜던트,18,2025-04-23,3333333333,INT,유니크,21,0,에픽,2,1,255,0,0
데이브레이크 펜던트,18,2025-04-23,2799999999,STR,레전드리,21,0,에픽,2,1,255,0,0
데이브레이크 펜던트,18,2025-04-23,4111111111,INT,유니크,18,0,에픽,1,0,255,0,0
데이브레이크 펜던트,18,2025-04-23,2699999999,DEX,유니크,15,0,에픽,2,1,255,0,0
데이브레이크 펜던트,18,2025-04-23,29955555555,STR,레전드리,9,0,없음,0,0,255,0,0
데이브레이크 펜던트,18,2025-04-23,899922222,LUK,유니크,15,0,에픽,2,0,255,0,0
데이브레이크 펜던트,19,2025-04-23,4999999999,INT,레전드리,21,0,없음,0,0,255,0,0
데이브레이크 펜던트,19,2025-04-23,3400000000,STR,레전드리,21,0,유니크,2,2,255,0,0
데이브레이크 펜던트,19,2025-04-23,3599999999,DEX,유니크,21,0,에픽,2,1,255,0,0
데이브레이크 펜던트,19,2025-04-23,30111111111,STR,유니크,15,0,에픽,2,0,255,0,0
데이브레이크 펜던트,19,2025-04-23,3000000000,INT,유니크,24,0,에픽,2,1,255,0,0
데이브레이크 펜던트,19,2025-04-23,66666566666,DEX,레전드리,30,0,에픽,1,0,255,0,0
데이브레이크 펜던트,19,2025-04-23,25600000000,STR,유니크,6,0,에픽,2,0,255,0,0
데이브레이크 펜던트,19,2025-04-23,6000000000,HP,유니크,24,0,에픽,3,2,255,0,0
데이브레이크 펜던트,20,2025-04-23,13000000000,STR,레전드리,30,0,유니크,2,1,255,0,0
트와일라이트 마크,22,2025-04-23,11999999999,STR,레전드리,33,0,유니크,1,1,255,0,0
트와일라이트 마크,22,2025-04-23,10888888888,LUK,레전드리,30,0,에픽,3,0,255,0,0
트와일라이트 마크,22,2025-04-23,9555555555,INT,레전드리,12,0,에픽,1,0,255,0,0
트와일라이트 마크,22,2025-04-23,10999999888,LUK,레전드리,33,0,에픽,1,0,255,0,0
트와일라이트 마크,22,2025-04-23,11222200900,INT,레전드리,30,0,에픽,2,1,255,0,0
트와일라이트 마크,22,2025-04-23,6555555555,DEX,레전드리,21,0,없음,0,0,255,0,0
트와일라이트 마크,22,2025-04-23,6699999999,HP,레전드리,21,0,에픽,2,1,255,0,0
트와일라이트 마크,22,2025-04-23,11500000000,INT,레전드리,21,0,유니크,2,1,255,0,0
트와일라이트 마크,12,2025-04-23,1888888888,DEX,레전드리,9,0,없음,0,0,255,0,0
트와일라이트 마크,12,2025-04-23,390000000,DEX,유니크,9,0,에픽,1,1,255,0,0
트와일라이트 마크,12,2025-04-23,7500000000,DEX,레전드리,9,0,없음,0,0,255,0,0
트와일라이트 마크,17,2025-04-23,880000000,STR,레전드리,9,0,없음,0,0,255,0,0
트와일라이트 마크,17,2025-04-23,99999977,STR,유니크,18,0,에픽,2,0,255,0,0
트와일라이트 마크,17,2025-04-23,999999999,STR,유니크,21,0,에픽,2,1,255,0,0
트와일라이트 마크,17,2025-04-23,2300000000,LUK,유니크,24,0,에픽,1,0,255,0,0
트와일라이트 마크,17,2025-04-23,1111111111,LUK,유니크,21,0,없음,0,0,255,0,0
트와일라이트 마크,18,2025-04-23,1111111111,INT,유니크,15,0,에픽,1,0,255,0,0
트와일라이트 마크,18,2025-04-23,1666666666,STR,레전드리,21,0,에픽,2,1,255,0,0
트와일라이트 마크,18,2025-04-23,1099999999,INT,레전드리,9,0,에픽,2,0,255,0,0
트와일라이트 마크,18,2025-04-23,2055555555,INT,유니크,15,0,에픽,2,1,255,0,0
트와일라이트 마크,18,2025-04-23,699999999,LUK,유니크,15,0,에픽,2,1,255,0,0
트와일라이트 마크,18,2025-04-23,1299999999,STR,유니크,9,0,에픽,2,1,255,0,0
트와일라이트 마크,19,2025-04-23,71555555555,INT,유니크,15,0,에픽,1,1,255,0,0
트와일라이트 마크,19,2025-04-23,3999999999,DEX,유니크,15,0,레전드리,0,0,255,0,0
트와일라이트 마크,19,2025-04-23,30111111111,INT,레전드리,21,0,에픽,3,1,255,0,0
트와일라이트 마크,19,2025-04-23,3333333333,DEX,유니크,24,0,에픽,2,0,255,0,0
트와일라이트 마크,20,2025-04-23,3888888888,LUK,레전드리,12,0,에픽,2,1,255,0,0
가디언 엔젤 링,22,2025-04-23,12500000000,STR,레전드리,21,0,레전드리,2,2,255,0,0
가디언 엔젤 링,22,2025-04-23,15000000000,STR,레전드리,12,0,에픽,1,0,255,0,0
가디언 엔젤 링,22,2025-04-23,14999999997,STR,레전드리,30,0,에픽,3,2,255,0,0
가디언 엔젤 링,22,2025-04-23,15000000000,LUK,레전드리,24,0,레전드리,3,2,255,0,0
가디언 엔젤 링,22,2025-04-23,12000000000,DEX,레전드리,24,0,에픽,2,0,255,0,0
가디언 엔젤 링,22,2025-04-23,15888888888,STR,레전드리,21,0,에픽,1,1,255,0,0
가디언 엔젤 링,22,2025-04-23,13500000000,INT,레전드리,21,0,레전드리,1,1,255,0,0
가디언 엔젤 링,22,2025-04-23,12999999999,DEX,레전드리,9,0,에픽,2,1,255,0,0
가디언 엔젤 링,12,2025-04-23,7500000000,STR,레전드리,9,0,없음,0,0,255,0,0
가디언 엔젤 링,12,2025-04-23,2100000000,DEX,레전드리,30,0,없음,0,0,255,0,0
가디언 엔젤 링,12,2025-04-23,4999999000,INT,레전드리,9,0,없음,0,0,255,0,0
가디언 엔젤 링,17,2025-04-23,4888888888,LUK,레전드리,12,0,레전드리,0,0,255,0,0
가디언 엔젤 링,17,2025-04-23,1212121212,DEX,유니크,15,0,에픽,2,1,255,0,0
가디언 엔젤 링,17,2025-04-23,2300000000,LUK,유니크,15,0,유니크,2,1,255,0,0
가디언 엔젤 링,17,2025-04-23,2099999999,LUK,유니크,15,0,에픽,2,2,255,0,0
가디언 엔젤 링,17,2025-04-23,600000000,LUK,유니크,21,0,에픽,1,1,255,0,0
가디언 엔젤 링,17,2025-04-23,1500000000,STR,유니크,21,0,에픽,2,1,255,0,0
가디언 엔젤 링,18,2025-04-23,1200000000,LUK,유니크,15,0,없음,0,0,255,0,0
가디언 엔젤 링,18,2025-04-23,63533333333,STR,유니크,18,0,에픽,2,0,255,0,0
가디언 엔젤 링,18,2025-04-23,12222022992,STR,유니크,12,0,없음,0,0,255,0,0
가디언 엔젤 링,18,2025-04-23,1999999999,STR,유니크,24,0,에픽,2,0,255,0,0
가디언 엔젤 링,18,2025-04-23,3999999999,LUK,레전드리,30,0,에픽,2,0,255,0,0
가디언 엔젤 링,18,2025-04-23,2800000000,LUK,유니크,21,0,에픽,2,0,255,0,0
가디언 엔젤 링,18,2025-04-23,1666666666,INT,유니크,9,0,에픽,2,1,255,0,0
가디언 엔젤 링,19,2025-04-23,3888888888,INT,레전드리,21,0,에픽,1,0,255,0,0
가디언 엔젤 링,19,2025-04-23,1699999999,LUK,유니크,15,0,에픽,2,0,255,0,0
가디언 엔젤 링,20,2025-04-23,288992222,DEX,레전드리,30,0,유니크,3,2,255,0,0
가디언 엔젤 링,20,2025-04-23,6000000000,INT,레전드리,0,0,에픽,3,2,255,0,0
에스텔라 이어링,22,2025-04-23,12000000000,STR,레전드리,12,0,유니크,1,1,255,0,0
에스텔라 이어링,22,2025-04-23,135499999999,INT,레전드리,30,0,에픽,2,0,255,0,0
에스텔라 이어링,22,2025-04-23,12500000000,LUK,레전드리,12,0,유니크,1,1,255,0,0
에스텔라 이어링,22,2025-04-23,14000000000,STR,레전드리,30,0,에픽,2,1,255,0,0
에스텔라 이어링,22,2025-04-23,13588888888,STR,레전드리,30,0,에픽,2,0,255,0,0
에스텔라 이어링,22,2025-04-23,17000000000,INT,레전드리,30,0,레전드리,2,1,255,0,0
에스텔라 이어링,22,2025-04-23,111111111117,LUK,레전드리,30,0,에픽,2,0,255,0,0
에스텔라 이어링,22,2025-04-23,144444,INT,레전드리,30,0,에픽,2,1,255,0,0
에스텔라 이어링,22,2025-04-23,14999999999,STR,레전드리,18,0,에픽,3,1,255,0,0
에스텔라 이어링,12,2025-04-23,499999999,HP,유니크,21,0,에픽,1,0,255,0,0
에스텔라 이어링,17,2025-04-23,1900000000,STR,유니크,18,0,에픽,2,0,255,0,0
에스텔라 이어링,17,2025-04-23,2199999999,ALL,레전드리,10,0,에픽,3,0,255,0,0
에스텔라 이어링,17,2025-04-23,71555555555,LUK,레전드리,0,0,에픽,3,3,255,0,0
에스텔라 이어링,17,2025-04-23,1233533533533,STR,유니크,18,0,없음,0,0,255,0,0
에스텔라 이어링,17,2025-04-23,1659999999,DEX,유니크,15,0,없음,0,0,255,0,0
에스텔라 이어링,17,2025-04-23,6400000000,DEX,유니크,15,0,에픽,2,1,255,0,0
에스텔라 이어링,17,2025-04-23,1600000000,STR,유니크,15,0,에픽,2,0,255,0,0
에스텔라 이어링,17,2025-04-23,6099999999,DEX,유니크,12,0,에픽,2,1,255,0,0
에스텔라 이어링,18,2025-04-23,1150000000,INT,유니크,15,0,에픽,2,1,255,0,0
에스텔라 이어링,18,2025-04-23,1999999999,LUK,유니크,21,0,에픽,2,0,255,0,0
에스텔라 이어링,18,2025-04-23,2100000000,STR,유니크,15,0,에픽,2,1,255,0,0
에스텔라 이어링,18,2025-04-23,899922222,STR,유니크,18,0,에픽,3,1,255,0,0
에스텔라 이어링,18,2025-04-23,1666666666,DEX,유니크,15,0,에픽,2,1,255,0,0
에스텔라 이어링,18,2025-04-23,5208200222,STR,유니크,21,0,에픽,2,0,255,0,0
에스텔라 이어링,19,2025-04-23,208902222,DEX,레전드리,30,0,에픽,2,0,255,0,0
루즈 컨트롤 머신 마크,22,2025-04-23,24555555555,DEX,레전드리,21,0,유니크,2,1,255,0,0
루즈 컨트롤 머신 마크,22,2025-04-23,69999999999,LUK,레전드리,12,0,레전드리,0,0,255,0,0
루즈 컨트롤 머신 마크,22,2025-04-23,26000000000,LUK,레전드리,30,0,레전드리,1,0,255,0,0
루즈 컨트롤 머신 마크,22,2025-04-23,29999999999,STR,레전드리,21,0,유니크,1,1,255,0,0
루즈 컨트롤 머신 마크,22,2025-04-23,38999999999,DEX,레전드리,21,0,레전드리,2,1,255,0,0
루즈 컨트롤 머신 마크,22,2025-04-23,64999999999,LUK,레전드리,18,0,없음,0,0,255,0,0
루즈 컨트롤 머신 마크,22,2025-04-23,20500000000,STR,레전드리,24,0,유니크,1,1,255,0,0
루즈 컨트롤 머신 마크,22,2025-04-23,27000000000,LUK,레전드리,30,0,유니크,2,1,255,0,0
루즈 컨트롤 머신 마크,22,2025-04-23,40000000000,INT,레전드리,30,0,레전드리,1,0,255,0,0
루즈 컨트롤 머신 마크,12,2025-04-23,3335333333335,LUK,레전드리,30,0,레전드리,1,1,255,0,0
루즈 컨트롤 머신 마크,17,2025-04-23,9333333333,ALL,레전드리,0,0,에픽,3,0,255,0,0
루즈 컨트롤 머신 마크,17,2025-04-23,6500000000,HP,레전드리,9,0,없음,0,0,255,0,0
루즈 컨트롤 머신 마크,17,2025-04-23,30111111111,STR,유니크,15,0,에픽,2,0,255,0,0
루즈 컨트롤 머신 마크,17,2025-04-23,26999999999,INT,레전드리,36,0,레전드리,0,0,255,0,0
루즈 컨트롤 머신 마크,17,2025-04-23,3333333333,STR,유니크,18,0,없음,0,0,255,0,0
루즈 컨트롤 머신 마크,17,2025-04-23,2999999999,DEX,레전드리,12,0,에픽,1,1,255,0,0
루즈 컨트롤 머신 마크,17,2025-04-23,9900000000,STR,레전드리,24,0,레전드리,2,1,255,0,0
루즈 컨트롤 머신 마크,18,2025-04-23,6899999999,STR,레전드리,18,0,에픽,2,0,255,0,0
루즈 컨트롤 머신 마크,18,2025-04-23,6400000000,LUK,레전드리,21,0,유니크,2,2,255,0,0
루즈 컨트롤 머신 마크,18,2025-04-23,14500000000,STR,레전드리,33,0,유니크,1,1,255,0,0
루즈 컨트롤 머신 마크,18,2025-04-23,6999999999,STR,유니크,15,0,에픽,2,0,255,0,0
루즈 컨트롤 머신 마크,18,2025-04-23,7999999999,LUK,레전드리,9,0,레전드리,2,1,255,0,0
루즈 컨트롤 머신 마크,18,2025-04-23,6888888888,STR,레전드리,21,0,유니크,0,0,255,0,0
루즈 컨트롤 머신 마크,18,2025-04-23,6199999999,LUK,레전드리,21,0,에픽,2,0,255,0,0
루즈 컨트롤 머신 마크,18,2025-04-23,10999999999,DEX,레전드리,21,0,유니크,2,2,255,0,0
루즈 컨트롤 머신 마크,19,2025-04-23,7799999999,STR,레전드리,18,0,에픽,2,1,255,0,0
마력이 깃든 안대,22,2025-04-23,48888888888,INT,레전드리,33,0,레전드리,1,1,255,0,0
마력이 깃든 안대,22,2025-04-23,45000000000,DEX,레전드리,33,0,레전드리,2,1,255,0,0
마력이 깃든 안대,22,2025-04-23,29000000000,LUK,레전드리,12,0,에픽,2,0,255,0,0
마력이 깃든 안대,22,2025-04-23,38999999999,STR,레전드리,21,0,레전드리,0,0,255,0,0
마력이 깃든 안대,22,2025-04-23,29000000000,LUK,레전드리,33,0,레전드리,1,1,255,0,0
마력이 깃든 안대,22,2025-04-23,35000000000,LUK,레전드리,30,0,레전드리,2,2,255,0,0
마력이 깃든 안대,22,2025-04-23,60000000000,STR,레전드리,33,0,레전드리,3,1,255,0,0
마력이 깃든 안대,22,2025-04-23,60999999999,LUK,레전드리,33,0,유니크,2,0,255,0,0
마력이 깃든 안대,22,2025-04-23,46999999999,DEX,레전드리,24,0,유니크,3,1,255,0,0
마력이 깃든 안대,12,2025-04-23,29999999999,STR,레전드리,21,0,레전드리,1,0,255,0,0
마력이 깃든 안대,12,2025-04-23,40000000000,STR,레전드리,24,0,레전드리,3,2,255,0,0
마력이 깃든 안대,12,2025-04-23,6000000000,HP,레전드리,9,0,없음,0,0,255,0,0
마력이 깃든 안대,12,2025-04-23,6499999999,STR,레전드리,12,0,없음,0,0,255,0,0
마력이 깃든 안대,12,2025-04-23,66444444,HP,레전드리,9,0,없음,0,0,255,0,0
마력이 깃든 안대,17,2025-04-23,3499999999,INT,레전드리,18,0,에픽,2,1,255,0,0
마력이 깃든 안대,17,2025-04-23,6900000000,DEX,레전드리,30,0,에픽,2,1,255,0,0
마력이 깃든 안대,17,2025-04-23,6499999900,LUK,유니크,21,0,에픽,2,1,255,0,0
마력이 깃든 안대,17,2025-04-23,6111111111,DEX,레전드리,21,0,에픽,2,0,255,0,0
마력이 깃든 안대,17,2025-04-23,444444,STR,유니크,21,0,에픽,2,0,255,0,0
마력이 깃든 안대,17,2025-04-23,7199999999,INT,레전드리,24,0,에픽,2,1,255,0,0
마력이 깃든 안대,17,2025-04-23,9999999999,DEX,레전드리,18,0,에픽,2,2,255,0,0
마력이 깃든 안대,17,2025-04-23,6999999999,STR,유니크,15,0,에픽,2,1,255,0,0
마력이 깃든 안대,17,2025-04-23,6499999999,STR,유니크,15,0,에픽,2,0,255,0,0
마력이 깃든 안대,18,2025-04-23,6899999999,DEX,유니크,21,0,에픽,2,1,255,0,0
마력이 깃든 안대,18,2025-04-23,9888888888,INT,레전드리,33,0,에픽,0,0,255,0,0
마력이 깃든 안대,18,2025-04-23,6300000000,STR,레전드리,33,0,유니크,0,0,255,0,0
마력이 깃든 안대,18,2025-04-23,6999999999,INT,레전드리,30,0,에픽,2,1,255,0,0
마력이 깃든 안대,18,2025-04-23,0,STR,레전드리,30,0,레전드리,2,1,255,0,0
마력이 깃든 안대,18,2025-04-23,6999999999,STR,레전드리,18,0,에픽,2,0,255,0,0
마력이 깃든 안대,18,2025-04-23,16000000000,LUK,레전드리,21,0,레전드리,2,2,255,0,0
마력이 깃든 안대,18,2025-04-23,6888888888,DEX,레전드리,30,0,없음,0,0,255,0,0
마력이 깃든 안대,18,2025-04-23,9555555555,STR,레전드리,21,0,유니크,2,0,255,0,0
마력이 깃든 안대,19,2025-04-23,7999999999,HP,레전드리,33,0,에픽,2,0,255,0,0
마력이 깃든 안대,19,2025-04-23,12999999999,INT,레전드리,30,0,에픽,2,0,255,0,0
거대한 공포,22,2025-04-23,69999999900,INT,레전드리,30,0,레전드리,2,1,255,0,0
거대한 공포,22,2025-04-23,61999999999,STR,레전드리,30,0,레전드리,2,0,255,0,0
거대한 공포,22,2025-04-23,78888888889,DEX,레전드리,30,0,레전드리,1,1,255,0,0
거대한 공포,22,2025-04-23,70000000000,INT,레전드리,33,0,레전드리,2,1,255,0,0
거대한 공포,22,2025-04-23,68000000000,DEX,레전드리,30,0,레전드리,1,1,255,0,0
거대한 공포,22,2025-04-23,60000000000,INT,레전드리,24,0,레전드리,3,3,255,0,0
거대한 공포,22,2025-04-23,36999999999,STR,레전드리,21,0,레전드리,1,1,255,0,0
거대한 공포,22,2025-04-23,62999999999,LUK,레전드리,21,0,레전드리,3,1,255,0,0
거대한 공포,22,2025-04-23,48500000000,LUK,레전드리,12,0,레전드리,3,3,255,0,0
거대한 공포,17,2025-04-23,6000000000,DEX,레전드리,9,0,없음,0,0,255,0,0
거대한 공포,17,2025-04-23,12999999999,INT,레전드리,30,0,없음,0,0,255,0,0
거대한 공포,17,2025-04-23,6499999999,STR,유니크,15,0,없음,0,0,255,0,0
거대한 공포,17,2025-04-23,9900000000,ALL,레전드리,0,0,에픽,2,0,255,0,0
거대한 공포,18,2025-04-23,20000000000,HP,레전드리,30,0,에픽,2,1,255,0,0
거대한 공포,18,2025-04-23,72555555555,LUK,레전드리,12,0,유니크,1,1,255,0,0
거대한 공포,18,2025-04-23,11888888888,STR,레전드리,30,0,유니크,1,0,255,0,0
거대한 공포,18,2025-04-23,12299999999,LUK,레전드리,30,0,유니크,3,2,255,0,0
거대한 공포,18,2025-04-23,11499999999,STR,레전드리,30,0,에픽,2,1,255,0,0
거대한 공포,18,2025-04-23,12999999999,STR,레전드리,30,0,에픽,2,1,255,0,0
거대한 공포,18,2025-04-23,12600000000,DEX,레전드리,21,0,에픽,2,1,255,0,0
몽환의 벨트,22,2025-04-23,70000000000,STR,레전드리,21,0,레전드리,2,1,255,0,0
몽환의 벨트,22,2025-04-23,60000000000,INT,레전드리,30,0,레전드리,2,1,255,0,0
몽환의 벨트,22,2025-04-23,69999999999,STR,레전드리,21,0,레전드리,2,0,255,0,0
몽환의 벨트,22,2025-04-23,64999999999,DEX,레전드리,33,0,유니크,2,1,255,0,0
몽환의 벨트,22,2025-04-23,66566666666,LUK,레전드리,21,0,레전드리,2,2,255,0,0
몽환의 벨트,22,2025-04-23,38500000000,STR,레전드리,24,0,유니크,1,0,255,0,0
몽환의 벨트,22,2025-04-23,64500000000,INT,레전드리,30,0,레전드리,2,2,255,0,0
몽환의 벨트,22,2025-04-23,65000000000,LUK,레전드리,30,0,레전드리,2,1,255,0,0
몽환의 벨트,12,2025-04-23,75555555555,LUK,레전드리,30,0,유니크,2,1,255,0,0
몽환의 벨트,12,2025-04-23,7499999999,HP,레전드리,33,0,없음,0,0,255,0,0
몽환의 벨트,17,2025-04-23,6499999999,LUK,레전드리,21,0,없음,0,0,255,0,0
몽환의 벨트,17,2025-04-23,6549999999,STR,유니크,15,0,에픽,1,0,255,0,0
몽환의 벨트,17,2025-04-23,64444444,STR,유니크,24,0,에픽,0,0,255,0,0
몽환의 벨트,17,2025-04-23,6000000000,STR,유니크,21,0,유니크,2,2,255,0,0
몽환의 벨트,17,2025-04-23,16500000000,HP,레전드리,30,0,에픽,2,1,255,0,0
몽환의 벨트,18,2025-04-23,16799999999,STR,레전드리,30,0,유니크,2,1,255,0,0
몽환의 벨트,18,2025-04-23,11500000000,LUK,레전드리,21,0,레전드리,1,0,255,0,0
몽환의 벨트,18,2025-04-23,14999999999,INT,레전드리,21,0,에픽,2,2,255,0,0
몽환의 벨트,18,2025-04-23,1535444444,INT,레전드리,21,0,에픽,2,2,255,0,0
몽환의 벨트,18,2025-04-23,11999999999,INT,레전드리,21,0,에픽,2,2,255,0,0
몽환의 벨트,18,2025-04-23,17000000000,INT,레전드리,21,0,레전드리,2,2,255,0,0
몽환의 벨트,18,2025-04-23,1733533533333,DEX,레전드리,24,0,에픽,2,2,255,0,0
몽환의 벨트,18,2025-04-23,10200000000,LUK,유니크,21,0,에픽,2,2,255,0,0
몽환의 벨트,18,2025-04-23,14999999999,LUK,레전드리,21,0,에픽,1,0,255,0,0
몽환의 벨트,19,2025-04-23,27000000000,DEX,레전드리,30,0,레전드리,2,2,255,0,0
커맨더 포스 이어링,22,2025-04-23,61000000000,STR,레전드리,30,0,레전드리,1,0,255,0,0
커맨더 포스 이어링,22,2025-04-23,67500000000,LUK,레전드리,30,0,레전드리,1,1,255,0,0
커맨더 포스 이어링,22,2025-04-23,70000000000,DEX,레전드리,24,0,레전드리,2,2,255,0,0
커맨더 포스 이어링,22,2025-04-23,47000000000,DEX,레전드리,33,0,유니크,2,2,255,0,0
커맨더 포스 이어링,22,2025-04-23,60999999999,DEX,레전드리,33,0,레전드리,1,0,255,0,0
커맨더 포스 이어링,22,2025-04-23,49000000000,STR,레전드리,30,0,레전드리,1,1,255,0,0
커맨더 포스 이어링,22,2025-04-23,39999999999,STR,레전드리,33,0,레전드리,2,0,255,0,0
커맨더 포스 이어링,22,2025-04-23,66000000000,LUK,레전드리,33,0,레전드리,3,2,255,0,0
커맨더 포스 이어링,22,2025-04-23,140000000000,LUK,레전드리,21,0,유니크,3,2,255,0,0
커맨더 포스 이어링,12,2025-04-23,208902222,STR,레전드리,18,0,에픽,1,0,255,0,0
커맨더 포스 이어링,12,2025-04-23,2999999999,DEX,유니크,21,0,에픽,2,2,255,0,0
커맨더 포스 이어링,12,2025-04-23,6555555555,STR,레전드리,21,0,없음,0,0,255,0,0
커맨더 포스 이어링,17,2025-04-23,104444444,LUK,레전드리,0,0,유니크,1,1,255,0,0
커맨더 포스 이어링,17,2025-04-23,15099999999,LUK,유니크,21,0,에픽,2,1,255,0,0
커맨더 포스 이어링,17,2025-04-23,9599999999,INT,레전드리,18,0,에픽,2,0,255,0,0
커맨더 포스 이어링,17,2025-04-23,12800000000,STR,레전드리,21,0,에픽,2,1,255,0,0
커맨더 포스 이어링,17,2025-04-23,4255555555,INT,유니크,18,0,에픽,2,0,255,0,0
커맨더 포스 이어링,18,2025-04-23,7999999999,DEX,유니크,12,0,에픽,2,1,255,0,0
커맨더 포스 이어링,18,2025-04-23,7999999999,ALL,레전드리,0,0,에픽,2,0,255,0,0
커맨더 포스 이어링,18,2025-04-23,14900000000,INT,레전드리,21,0,에픽,2,1,255,0,0
커맨더 포스 이어링,18,2025-04-23,15444444,STR,레전드리,30,0,없음,0,0,255,0,0
커맨더 포스 이어링,18,2025-04-23,7499999999,DEX,유니크,24,0,에픽,2,1,255,0,0
커맨더 포스 이어링,18,2025-04-23,10500000000,STR,레전드리,12,0,없음,0,0,255,0,0
커맨더 포스 이어링,18,2025-04-23,144444,STR,레전드리,18,0,유니크,2,2,255,0,0
커맨더 포스 이어링,19,2025-04-23,15500000000,LUK,레전드리,9,0,에픽,0,0,255,0,0
커맨더 포스 이어링,20,2025-04-23,16999999999,HP,레전드리,33,0,유니크,3,1,255,0,0
도미네이터 펜던트,22,2025-04-23,13588888888,STR,레전드리,12,0,에픽,2,1,255,0,0
도미네이터 펜던트,22,2025-04-23,13000000000,INT,레전드리,21,0,에픽,2,1,255,0,0
도미네이터 펜던트,22,2025-04-23,10000000000,INT,유니크,27,0,레전드리,2,1,255,0,0
도미네이터 펜던트,22,2025-04-23,10499999999,DEX,유니크,21,0,에픽,2,0,255,0,0
도미네이터 펜던트,22,2025-04-23,12999999999,INT,레전드리,30,0,에픽,2,0,255,0,0
도미네이터 펜던트,22,2025-04-23,14000000000,STR,레전드리,21,0,레전드리,1,1,255,0,0
도미네이터 펜던트,12,2025-04-23,6099999899,INT,레전드리,9,0,에픽,2,1,255,0,0
도미네이터 펜던트,17,2025-04-23,1000000000,LUK,유니크,6,0,에픽,2,0,255,0,0
도미네이터 펜던트,17,2025-04-23,25699999999,INT,유니크,15,0,에픽,2,0,255,0,0
도미네이터 펜던트,17,2025-04-23,1700000000,DEX,유니크,15,0,없음,0,0,255,0,0
도미네이터 펜던트,17,2025-04-23,2800000000,HP,레전드리,30,0,에픽,2,1,255,0,0
도미네이터 펜던트,17,2025-04-23,3400000000,INT,유니크,21,0,에픽,2,1,255,0,0
도미네이터 펜던트,18,2025-04-23,6399999999,STR,레전드리,21,0,에픽,2,1,255,0,0
도미네이터 펜던트,18,2025-04-23,5208200222,LUK,유니크,21,0,에픽,1,0,255,0,0
도미네이터 펜던트,18,2025-04-23,3666666666,STR,레전드리,21,0,에픽,2,0,255,0,0
도미네이터 펜던트,18,2025-04-23,2799999999,DEX,유니크,15,0,에픽,3,2,255,0,0
도미네이터 펜던트,19,2025-04-23,2899999999,STR,유니크,15,0,에픽,2,0,255,0,0
도미네이터 펜던트,19,2025-04-23,4555555555,DEX,레전드리,12,0,에픽,2,0,255,0,0
도미네이터 펜던트,19,2025-04-23,3666666666,DEX,레전드리,9,0,에픽,0,0,255,0,0
도미네이터 펜던트,19,2025-04-23,4099999999,STR,레전드리,9,0,에픽,2,1,255,0,0
도미네이터 펜던트,19,2025-04-23,3699999999,STR,레전드리,18,0,에픽,2,0,255,0,0
도미네이터 펜던트,19,2025-04-23,6200000000,STR,레전드리,9,0,에픽,3,0,255,0,0
고통의 근원,22,2025-04-23,64999999999,INT,레전드리,12,0,레전드리,2,1,255,0,0
고통의 근원,22,2025-04-23,60000000000,LUK,레전드리,30,0,에픽,2,0,255,0,0
고통의 근원,22,2025-04-23,60000000000,LUK,레전드리,30,0,레전드리,2,0,255,0,0
고통의 근원,22,2025-04-23,65000000000,LUK,레전드리,33,0,레전드리,3,2,255,0,0
고통의 근원,22,2025-04-23,44999999999,DEX,레전드리,33,0,레전드리,1,1,255,0,0
고통의 근원,22,2025-04-23,67000000000,STR,레전드리,21,0,레전드리,2,1,255,0,0
고통의 근원,22,2025-04-23,38000000000,LUK,레전드리,33,0,레전드리,1,1,255,0,0
고통의 근원,22,2025-04-23,114999999999,LUK,레전드리,21,0,레전드리,1,0,255,0,0
고통의 근원,17,2025-04-23,288992222,DEX,레전드리,33,0,에픽,2,0,255,0,0
고통의 근원,17,2025-04-23,17000000000,STR,유니크,15,0,에픽,2,1,255,0,0
고통의 근원,17,2025-04-23,6499999999,LUK,레전드리,30,0,유니크,0,0,255,0,0
고통의 근원,17,2025-04-23,9444444,STR,레전드리,18,0,유니크,0,0,255,0,0
고통의 근원,17,2025-04-23,14999999999,DEX,레전드리,12,0,에픽,1,0,255,0,0
고통의 근원,17,2025-04-23,6999000000,LUK,유니크,15,0,에픽,2,0,255,0,0
고통의 근원,17,2025-04-23,7600000000,DEX,유니크,21,0,에픽,2,0,255,0,0
고통의 근원,17,2025-04-23,9299999999,LUK,레전드리,12,0,에픽,0,0,255,0,0
고통의 근원,18,2025-04-23,9000000000,DEX,레전드리,9,0,에픽,2,0,255,0,0
고통의 근원,18,2025-04-23,114444444,LUK,레전드리,21,0,없음,0,0,255,0,0
고통의 근원,18,2025-04-23,9999999999,DEX,레전드리,21,0,에픽,2,0,255,0,0
고통의 근원,18,2025-04-23,14999999999,STR,레전드리,21,0,유니크,1,0,255,0,0
고통의 근원,18,2025-04-23,12788888888,DEX,레전드리,9,0,유니크,1,1,255,0,0
고통의 근원,18,2025-04-23,10800000000,LUK,레전드리,21,0,없음,0,0,255,0,0
고통의 근원,18,2025-04-23,9999999999,STR,유니크,21,0,에픽,2,0,255,0,0
고통의 근원,20,2025-04-23,24999999999,INT,레전드리,33,0,없음,0,0,255,0,0
오션 글로우 이어링,22,2025-04-23,9555555555,STR,레전드리,18,0,레전드리,2,1,255,0,0
오션 글로우 이어링,22,2025-04-23,12111111111,STR,레전드리,24,0,레전드리,1,0,255,0,0
오션 글로우 이어링,22,2025-04-23,11000000000,STR,레전드리,24,0,레전드리,3,1,255,0,0
오션 글로우 이어링,22,2025-04-23,16000000000,INT,레전드리,21,0,레전드리,2,2,255,0,0
오션 글로우 이어링,22,2025-04-23,6000000000,LUK,레전드리,18,0,에픽,3,3,255,0,0
오션 글로우 이어링,22,2025-04-23,10999999999,DEX,레전드리,24,0,레전드리,2,1,255,0,0
오션 글로우 이어링,22,2025-04-23,9500000000,DEX,레전드리,30,0,유니크,1,0,255,0,0
오션 글로우 이어링,12,2025-04-23,12999999999,STR,레전드리,30,0,레전드리,3,1,255,0,0
마이스터 이어링,22,2025-04-23,6999999999,LUK,레전드리,18,0,에픽,2,0,255,0,0
마이스터 이어링,22,2025-04-23,6000000000,LUK,레전드리,30,0,에픽,2,2,255,0,0
마이스터 이어링,22,2025-04-23,64444444,LUK,레전드리,24,0,에픽,2,2,255,0,0
마이스터 이어링,22,2025-04-23,144444,HP,레전드리,30,0,에픽,3,2,255,0,0
마이스터 이어링,22,2025-04-23,6993874826,LUK,레전드리,21,0,에픽,2,0,255,0,0
마이스터 이어링,22,2025-04-23,6999999999,DEX,레전드리,21,0,유니크,1,0,255,0,0
마이스터 이어링,22,2025-04-23,6000000000,DEX,레전드리,21,0,레전드리,2,1,255,0,0
마이스터 이어링,22,2025-04-23,11000000000,HP,레전드리,33,0,에픽,2,0,255,0,0
마이스터 이어링,17,2025-04-23,1111111111,STR,레전드리,12,0,없음,0,0,255,0,0
마이스터 이어링,17,2025-04-23,25600000000,INT,레전드리,9,0,에픽,0,0,255,0,0
마이스터 이어링,17,2025-04-23,71555555555,HP,유니크,15,0,에픽,3,1,255,0,0
마이스터 이어링,18,2025-04-23,1800000000,HP,유니크,15,0,유니크,2,2,255,0,0
마이스터 이어링,18,2025-04-23,1600000000,INT,유니크,18,0,에픽,3,3,255,0,0
마이스터 이어링,18,2025-04-23,1698888888,HP,유니크,15,0,에픽,2,0,255,0,0
마이스터 이어링,18,2025-04-23,699999999,STR,유니크,18,0,에픽,2,1,255,0,0
마이스터 이어링,18,2025-04-23,2499999999,HP,유니크,15,0,없음,0,0,255,0,0
마이스터 이어링,18,2025-04-23,2444444,HP,레전드리,21,0,에픽,2,0,255,0,0
마이스터 이어링,19,2025-04-23,2300000000,STR,레전드리,21,0,에픽,2,2,255,0,0
마이스터링,22,2025-04-23,14000000000,LUK,레전드리,21,0,유니크,2,1,255,0,0
마이스터링,22,2025-04-23,14555555555,LUK,레전드리,30,0,에픽,3,1,255,0,0
마이스터링,22,2025-04-23,1333533533333,DEX,레전드리,30,0,레전드리,2,2,255,0,0
마이스터링,22,2025-04-23,11499999999,DEX,레전드리,30,0,레전드리,2,1,255,0,0
마이스터링,12,2025-04-23,1999999999,DEX,레전드리,12,0,없음,0,0,255,0,0
마이스터링,17,2025-04-23,1200000000,LUK,유니크,0,0,에픽,3,1,255,0,0
마이스터링,17,2025-04-23,2999999999,INT,유니크,15,0,에픽,1,1,255,0,0
마이스터링,17,2025-04-23,6555555555,STR,레전드리,12,0,없음,0,0,255,0,0
마이스터링,17,2025-04-23,999999999,HP,유니크,21,0,유니크,1,1,255,0,0
마이스터링,17,2025-04-23,999999999,HP,유니크,21,0,에픽,2,0,255,0,0
마이스터링,18,2025-04-23,25600000000,DEX,유니크,21,0,에픽,2,0,255,0,0
마이스터링,18,2025-04-23,4555555555,DEX,레전드리,18,0,에픽,2,2,255,0,0
마이스터링,18,2025-04-23,2800000000,LUK,레전드리,33,0,에픽,1,0,255,0,0
마이스터링,19,2025-04-23,6455555555,INT,레전드리,12,0,에픽,0,0,255,0,0
마이스터링,20,2025-04-23,7299000000,STR,레전드리,30,0,없음,0,0,255,0,0
파풀라투스 마크,22,2025-04-23,12999999999,DEX,레전드리,18,0,레전드리,1,0,255,0,0
파풀라투스 마크,22,2025-04-23,7800000000,DEX,레전드리,30,0,레전드리,1,0,255,0,0
파풀라투스 마크,22,2025-04-23,9999999999,STR,레전드리,30,0,유니크,0,0,255,0,0
파풀라투스 마크,22,2025-04-23,6500000000,LUK,레전드리,30,0,에픽,2,1,255,0,0
파풀라투스 마크,22,2025-04-23,11800000000,STR,레전드리,30,0,에픽,2,0,255,0,0
파풀라투스 마크,22,2025-04-23,104444444,STR,레전드리,21,0,에픽,3,2,255,0,0
파풀라투스 마크,22,2025-04-23,6999999999,DEX,레전드리,21,0,유니크,2,1,255,0,0
파풀라투스 마크,12,2025-04-23,999999999,INT,유니크,15,0,에픽,2,1,255,0,0
파풀라투스 마크,12,2025-04-23,999999999,DEX,유니크,21,0,없음,0,0,255,0,0
파풀라투스 마크,12,2025-04-23,600000000,STR,유니크,15,0,에픽,1,0,255,0,0
파풀라투스 마크,17,2025-04-23,999999999,STR,레전드리,12,0,없음,0,0,255,0,0
파풀라투스 마크,18,2025-04-23,999999999,LUK,유니크,21,0,에픽,2,1,255,0,0
파풀라투스 마크,18,2025-04-23,1200000000,INT,유니크,12,0,없음,0,0,255,0,0
파풀라투스 마크,18,2025-04-23,3400000000,INT,유니크,15,0,없음,0,0,255,0,0
파풀라투스 마크,19,2025-04-23,444444,DEX,레전드리,12,0,에픽,2,0,255,0,0
파풀라투스 마크,19,2025-04-23,2111111111,INT,유니크,15,0,에픽,2,1,255,0,0
데이브레이크 펜던트,0,2025-04-23,260000000,ALL,없음,0,0,없음,0,0,255,0,1
데이브레이크 펜던트,0,2025-04-23,260000000,ALL,없음,0,0,없음,0,0,255,0,1
트와일라이트 마크,0,2025-04-23,444444,ALL,없음,0,0,없음,0,0,255,0,1
트와일라이트 마크,0,2025-04-23,2000000,ALL,없음,0,0,없음,0,0,255,0,1
트와일라이트 마크,0,2025-04-23,199999999,ALL,없음,0,0,없음,0,0,255,0,1
트와일라이트 마크,0,2025-04-23,1999999,ALL,없음,0,0,없음,0,0,255,0,1
트와일라이트 마크,0,2025-04-23,1888888,ALL,없음,0,0,없음,0,0,255,0,1
루즈 컨트롤 머신 마크,0,2025-04-23,2170000000,HP,레전드리,9,0,,0,0,255,0,0
루즈 컨트롤 머신 마크,0,2025-04-23,1999999999,STR,레전드리,24,0,,0,0,255,0,0
루즈 컨트롤 머신 마크,0,2025-04-23,2100000000,ALL,없음,0,0,없음,0,0,255,0,1
루즈 컨트롤 머신 마크,0,2025-04-23,2070000000,ALL,없음,0,0,없음,0,0,255,0,1
루즈 컨트롤 머신 마크,0,2025-04-23,21666566666,ALL,없음,0,0,없음,0,0,255,0,1
마력이 깃든 안대,0,2025-04-23,2999999988,ALL,없음,0,0,없음,0,0,255,0,1
마력이 깃든 안대,0,2025-04-23,2999999999,ALL,없음,0,0,없음,0,0,255,0,1
마력이 깃든 안대,0,2025-04-23,2999999999,ALL,없음,0,0,없음,0,0,255,0,1
마력이 깃든 안대,0,2025-04-23,2849999999,ALL,없음,0,0,없음,0,0,255,0,1
거대한 공포,0,2025-04-23,6599999999,ALL,없음,0,0,없음,0,0,255,0,1
거대한 공포,0,2025-04-23,4666566666,ALL,없음,0,0,없음,0,0,255,0,1
거대한 공포,0,2025-04-23,4463333333,ALL,없음,0,0,없음,0,0,255,0,1
거대한 공포,0,2025-04-23,4749999999,STR,레전드리,30,0,,0,0,255,0,0
거대한 공포,0,2025-04-23,4555555555,ALL,없음,0,0,없음,0,0,255,0,1
몽환의 벨트,0,2025-04-23,6933333333,DEX,레전드리,12,0,,0,0,255,0,0
몽환의 벨트,0,2025-04-23,3670000000,ALL,없음,0,0,없음,0,0,255,0,1
몽환의 벨트,0,2025-04-23,3598888888,ALL,없음,0,0,없음,0,0,255,0,1
도미네이터 펜던트,0,2025-04-23,2111111111,ALL,없음,0,0,없음,0,0,255,0,1
도미네이터 펜던트,0,2025-04-23,710000000,INT,레전드리,9,0,,0,0,255,0,0
도미네이터 펜던트,0,2025-04-23,750000000,HP,레전드리,9,0,,0,0,255,0,0
도미네이터 펜던트,0,2025-04-23,699999999,ALL,없음,0,0,없음,0,0,255,0,1
도미네이터 펜던트,0,2025-04-23,698888888,ALL,없음,0,0,없음,0,0,255,0,1
고통의 근원,0,2025-04-23,4830000000,ALL,없음,0,0,없음,0,0,255,0,1
고통의 근원,0,2025-04-23,6208200222,ALL,없음,0,0,없음,0,0,255,0,1
고통의 근원,0,2025-04-23,6999998888,ALL,없음,0,0,없음,0,0,255,0,1
고통의 근원,0,2025-04-23,4830000000,ALL,없음,0,0,없음,0,0,255,0,1
고통의 근원,0,2025-04-23,6990000000,ALL,없음,0,0,없음,0,0,255,0,1
마이스터 이어링,0,2025-04-23,419900000,ALL,없음,0,0,없음,0,0,255,0,1
마이스터 이어링,0,2025-04-23,355555555,ALL,없음,0,0,없음,0,0,255,0,1
마이스터 이어링,0,2025-04-23,355555555,ALL,없음,0,0,없음,0,0,255,0,1
트와일라이트 마크,17,2025-04-24,1250000000,INT,레전드리,18,0,에픽,2,1,255,0,0
트와일라이트 마크,18,2025-04-24,1799999999,STR,레전드리,9,0,없음,0,0,255,0,0
가디언 엔젤 링,22,2025-04-24,12980000000,DEX,유니크,21,0,에픽,2,1,255,0,0
가디언 엔젤 링,17,2025-04-24,1299999999,INT,유니크,21,0,에픽,1,0,255,0,0
가디언 엔젤 링,17,2025-04-24,1999999999,DEX,레전드리,9,0,없음,0,0,255,0,0
가디언 엔젤 링,18,2025-04-24,2800000000,INT,레전드리,30,0,에픽,2,1,255,0,0
가디언 엔젤 링,18,2025-04-24,1500000000,DEX,유니크,9,0,에픽,2,2,255,0,0
에스텔라 이어링,18,2025-04-24,208902222,INT,레전드리,9,0,에픽,2,2,255,0,0
마력이 깃든 안대,19,2025-04-24,0,LUK,유니크,21,0,에픽,2,0,255,0,0
거대한 공포,12,2025-04-24,78555555555,STR,레전드리,30,0,레전드리,3,1,255,0,0
거대한 공포,18,2025-04-24,735555555555,STR,레전드리,12,0,없음,0,0,255,0,0
거대한 공포,18,2025-04-24,10999999999,INT,유니크,24,0,에픽,2,1,255,0,0
커맨더 포스 이어링,18,2025-04-24,11100000000,LUK,레전드리,9,0,없음,0,0,255,0,0
도미네이터 펜던트,22,2025-04-24,12000000000,LUK,레전드리,21,0,에픽,1,1,255,0,0
도미네이터 펜던트,22,2025-04-24,11000000000,STR,레전드리,30,0,유니크,1,1,255,0,0
도미네이터 펜던트,17,2025-04-24,1888888888,STR,유니크,21,0,에픽,2,0,255,0,0
도미네이터 펜던트,17,2025-04-24,2999999999,HP,유니크,15,0,에픽,3,1,255,0,0
도미네이터 펜던트,17,2025-04-24,1899999990,STR,유니크,15,0,에픽,2,0,255,0,0
도미네이터 펜던트,17,2025-04-24,1700000000,DEX,레전드리,21,0,에픽,2,0,255,0,0
도미네이터 펜던트,18,2025-04-24,3499999999,DEX,레전드리,21,0,에픽,2,0,255,0,0
도미네이터 펜던트,18,2025-04-24,2699999999,STR,유니크,15,0,에픽,2,0,255,0,0
도미네이터 펜던트,18,2025-04-24,3499999999,STR,레전드리,18,0,에픽,2,1,255,0,0
고통의 근원,22,2025-04-24,36555555555,STR,레전드리,36,0,레전드리,2,2,255,0,0
고통의 근원,17,2025-04-24,444444,INT,유니크,9,0,없음,0,0,255,0,0
고통의 근원,18,2025-04-24,9000000000,INT,레전드리,12,0,에픽,2,0,255,0,0
오션 글로우 이어링,18,2025-04-24,1000000000,LUK,레전드리,30,0,유니크,2,1,255,0,0
마이스터링,22,2025-04-24,11499999999,LUK,레전드리,21,0,에픽,1,1,255,0,0
마이스터링,22,2025-04-24,24999999999,DEX,레전드리,30,0,에픽,2,0,255,0,0
마이스터링,22,2025-04-24,11999999999,DEX,유니크,24,0,에픽,1,0,255,0,0
마이스터링,22,2025-04-24,14999999999,LUK,레전드리,0,0,레전드리,1,1,255,0,0
마이스터링,22,2025-04-24,1333533533333,LUK,레전드리,30,0,에픽,2,1,255,0,0
마이스터링,17,2025-04-24,1000000000,INT,레전드리,9,0,에픽,1,1,255,0,0
마이스터링,17,2025-04-24,1500000000,INT,유니크,24,0,에픽,2,1,255,0,0
마이스터링,17,2025-04-24,2999999999,INT,유니크,21,0,없음,0,0,255,0,0
마이스터링,17,2025-04-24,1700000000,DEX,유니크,21,0,에픽,1,0,255,0,0
마이스터링,18,2025-04-24,3999999999,DEX,레전드리,12,0,에픽,2,1,255,0,0
마이스터링,18,2025-04-24,2999999999,INT,유니크,21,0,에픽,2,1,255,0,0
마이스터링,18,2025-04-24,2499999999,STR,유니크,21,0,에픽,1,0,255,0,0
마이스터링,18,2025-04-24,3400000000,DEX,레전드리,9,0,없음,0,0,255,0,0
마이스터링,18,2025-04-24,4000000000,STR,레전드리,9,0,에픽,1,0,255,0,0
마이스터링,18,2025-04-24,1888888888,INT,레전드리,9,0,없음,0,0,255,0,0
파풀라투스 마크,22,2025-04-24,711555555555,STR,레전드리,21,0,레전드리,2,2,255,0,0
파풀라투스 마크,17,2025-04-24,1199999999,STR,레전드리,18,0,유니크,2,2,255,0,0
파풀라투스 마크,17,2025-04-24,1029999999,DEX,유니크,15,0,에픽,3,1,255,0,0
파풀라투스 마크,17,2025-04-24,655555555,DEX,유니크,12,0,없음,0,0,255,0,0
파풀라투스 마크,17,2025-04-24,133335353333,LUK,레전드리,12,0,없음,0,0,255,0,0
파풀라투스 마크,17,2025-04-24,1666666666,LUK,유니크,15,0,에픽,2,1,255,0,0
파풀라투스 마크,17,2025-04-24,2000000000,HP,레전드리,12,0,에픽,2,0,255,0,0
파풀라투스 마크,18,2025-04-24,1200000000,INT,유니크,15,0,에픽,2,1,255,0,0
파풀라투스 마크,18,2025-04-24,2333333333,DEX,레전드리,18,0,유니크,1,0,255,0,0
파풀라투스 마크,18,2025-04-24,1499999999,LUK,레전드리,21,0,레전드리,2,1,255,0,0
파풀라투스 마크,18,2025-04-24,12222022992,LUK,유니크,12,0,에픽,2,0,255,0,0
파풀라투스 마크,18,2025-04-24,7099999999,STR,유니크,15,0,에픽,2,0,255,0,0
파풀라투스 마크,18,2025-04-24,688888888,HP,유니크,21,0,에픽,2,2,255,0,0
데이브레이크 펜던트,0,2025-04-24,933333333,ALL,없음,0,0,없음,0,0,255,0,1
데이브레이크 펜던트,0,2025-04-24,933333333,ALL,없음,0,0,없음,0,0,255,0,1
데이브레이크 펜던트,0,2025-04-24,933333333,ALL,없음,0,0,없음,0,0,255,0,1
데이브레이크 펜던트,0,2025-04-24,230000000,ALL,없음,0,0,없음,0,0,255,0,1
데이브레이크 펜던트,0,2025-04-24,299999999,ALL,없음,0,0,없음,0,0,255,0,1
데이브레이크 펜던트,0,2025-04-24,211111111,ALL,없음,0,0,없음,0,0,255,0,1
트와일라이트 마크,0,2025-04-24,34999999,ALL,없음,0,0,없음,0,0,255,0,1
트와일라이트 마크,0,2025-04-24,1854745,ALL,없음,0,0,없음,0,0,255,0,1
트와일라이트 마크,0,2025-04-24,2000000,ALL,없음,0,0,없음,0,0,255,0,1
트와일라이트 마크,0,2025-04-24,1800000,ALL,없음,0,0,없음,0,0,255,0,1
가디언 엔젤 링,0,2025-04-24,6200000,ALL,없음,0,0,없음,0,0,255,0,1
가디언 엔젤 링,0,2025-04-24,6200000,ALL,없음,0,0,없음,0,0,255,0,1
가디언 엔젤 링,0,2025-04-24,6270000,ALL,없음,0,0,없음,0,0,255,0,1
가디언 엔젤 링,0,2025-04-24,6666666,ALL,없음,0,0,없음,0,0,255,0,1
가디언 엔젤 링,0,2025-04-24,6666655,ALL,없음,0,0,없음,0,0,255,0,1
가디언 엔젤 링,0,2025-04-24,7000000,ALL,없음,0,0,없음,0,0,255,0,1
가디언 엔젤 링,0,2025-04-24,6200000,ALL,없음,0,0,없음,0,0,255,0,1
가디언 엔젤 링,0,2025-04-24,6666665,ALL,없음,0,0,없음,0,0,255,0,1
가디언 엔젤 링,0,2025-04-24,6299999,ALL,없음,0,0,없음,0,0,255,0,1
에스텔라 이어링,0,2025-04-24,1999999,ALL,없음,0,0,없음,0,0,255,0,1
에스텔라 이어링,0,2025-04-24,2000000,ALL,없음,0,0,없음,0,0,255,0,1
에스텔라 이어링,0,2025-04-24,2199999,ALL,없음,0,0,없음,0,0,255,0,1
에스텔라 이어링,0,2025-04-24,2100000,ALL,없음,0,0,없음,0,0,255,0,1
에스텔라 이어링,0,2025-04-24,2000000,ALL,없음,0,0,없음,0,0,255,0,1
에스텔라 이어링,0,2025-04-24,2099999,ALL,없음,0,0,없음,0,0,255,0,1
에스텔라 이어링,0,2025-04-24,2311111,ALL,없음,0,0,없음,0,0,255,0,1
에스텔라 이어링,0,2025-04-24,2200000,ALL,없음,0,0,없음,0,0,255,0,1
에스텔라 이어링,0,2025-04-24,2311111,ALL,없음,0,0,없음,0,0,255,0,1
루즈 컨트롤 머신 마크,0,2025-04-24,35555553335,STR,유니크,15,0,에픽,2,1,255,0,0
루즈 컨트롤 머신 마크,0,2025-04-24,1999999999,ALL,없음,0,0,없음,0,0,255,0,1
루즈 컨트롤 머신 마크,0,2025-04-24,1999999999,ALL,없음,0,0,없음,0,0,255,0,1
루즈 컨트롤 머신 마크,0,2025-04-24,1999999999,ALL,없음,0,0,없음,0,0,255,0,1
마력이 깃든 안대,0,2025-04-24,27444444,ALL,없음,0,0,없음,0,0,255,0,1
마력이 깃든 안대,0,2025-04-24,3090000000,ALL,없음,0,0,없음,0,0,255,0,1
마력이 깃든 안대,0,2025-04-24,2879999999,ALL,없음,0,0,없음,0,0,255,0,1
마력이 깃든 안대,0,2025-04-24,2820000000,ALL,없음,0,0,없음,0,0,255,0,1
마력이 깃든 안대,0,2025-04-24,2819999999,ALL,없음,0,0,없음,0,0,255,0,1
거대한 공포,0,2025-04-24,4300000000,ALL,없음,0,0,없음,0,0,255,0,1
거대한 공포,0,2025-04-24,4500000000,ALL,없음,0,0,없음,0,0,255,0,1
거대한 공포,0,2025-04-24,4999999999,ALL,없음,0,0,없음,0,0,255,0,1
거대한 공포,0,2025-04-24,4500000000,ALL,없음,0,0,없음,0,0,255,0,1
몽환의 벨트,0,2025-04-24,3490000000,HP,레전드리,30,0,,0,0,255,0,0
몽환의 벨트,0,2025-04-24,34444444,ALL,없음,0,0,없음,0,0,255,0,1
몽환의 벨트,0,2025-04-24,344444435,ALL,없음,0,0,없음,0,0,255,0,1
몽환의 벨트,0,2025-04-24,68444444,ALL,없음,0,0,없음,0,0,255,0,1
몽환의 벨트,0,2025-04-24,3588888888,ALL,없음,0,0,없음,0,0,255,0,1
몽환의 벨트,0,2025-04-24,6299999999,ALL,없음,0,0,없음,0,0,255,0,1
커맨더 포스 이어링,0,2025-04-24,2111111111,LUK,레전드리,21,0,,0,0,255,0,0
커맨더 포스 이어링,0,2025-04-24,2111111111,ALL,없음,0,0,없음,0,0,255,0,1
커맨더 포스 이어링,0,2025-04-24,2200000000,ALL,없음,0,0,없음,0,0,255,0,1
커맨더 포스 이어링,0,2025-04-24,2433333333,ALL,없음,0,0,없음,0,0,255,0,1
커맨더 포스 이어링,0,2025-04-24,42444444,HP,레전드리,33,0,,0,0,255,0,0
커맨더 포스 이어링,0,2025-04-24,2000000000,ALL,없음,0,0,없음,0,0,255,0,1
커맨더 포스 이어링,0,2025-04-24,41444444,INT,레전드리,12,0,,0,0,255,0,0
커맨더 포스 이어링,0,2025-04-24,8882090222,LUK,레전드리,9,0,,0,0,255,0,0
커맨더 포스 이어링,0,2025-04-24,2140000000,INT,레전드리,9,0,,0,0,255,0,0
도미네이터 펜던트,0,2025-04-24,750000000,ALL,없음,0,0,없음,0,0,255,0,1
도미네이터 펜던트,0,2025-04-24,750000000,ALL,없음,0,0,없음,0,0,255,0,1
도미네이터 펜던트,0,2025-04-24,739999999,LUK,유니크,21,0,,0,0,255,0,0
도미네이터 펜던트,0,2025-04-24,1688888888,ALL,없음,0,0,없음,0,0,255,0,1
고통의 근원,0,2025-04-24,4444445,ALL,없음,0,0,없음,0,0,255,0,1
고통의 근원,0,2025-04-24,44333533333,STR,레전드리,21,0,,0,0,255,0,0
고통의 근원,0,2025-04-24,4444442,ALL,없음,0,0,없음,0,0,255,0,1
고통의 근원,0,2025-04-24,4611111111,ALL,없음,0,0,없음,0,0,255,0,1
마이스터링,0,2025-04-24,33899999,INT,레전드리,12,0,,0,0,255,0,0
마이스터링,0,2025-04-24,333589999,ALL,없음,0,0,없음,0,0,255,0,1
마이스터링,0,2025-04-24,33500000,ALL,없음,0,0,없음,0,0,255,0,1
마이스터링,0,2025-04-24,1111111117,ALL,없음,0,0,없음,0,0,255,0,1
마이스터링,0,2025-04-24,633333333,STR,레전드리,9,0,,0,0,255,0,0
마이스터링,0,2025-04-24,33499999,ALL,없음,0,0,없음,0,0,255,0,1
마이스터링,0,2025-04-24,1666666655,DEX,레전드리,21,0,,0,0,255,0,0
마이스터링,0,2025-04-24,34400000,ALL,없음,0,0,없음,0,0,255,0,1
마이스터링,0,2025-04-24,1666666655,ALL,없음,0,0,없음,0,0,255,0,1
파풀라투스 마크,0,2025-04-24,28999999,ALL,없음,0,0,없음,0,0,255,0,1
파풀라투스 마크,0,2025-04-24,28999999,ALL,없음,0,0,없음,0,0,255,0,1
파풀라투스 마크,0,2025-04-24,48000000,ALL,없음,0,0,없음,0,0,255,0,1
파풀라투스 마크,0,2025-04-24,47888888,ALL,없음,0,0,없음,0,0,255,0,1
파풀라투스 마크,0,2025-04-24,27999999,ALL,없음,0,0,없음,0,0,255,0,1
파풀라투스 마크,0,2025-04-24,69999999,ALL,없음,0,0,없음,0,0,255,0,1
파풀라투스 마크,0,2025-04-24,28000000,ALL,없음,0,0,없음,0,0,255,0,1
